family,seed,step,policy,feasible,admitted,unsafe_admission,withheld_feasible,partitioned
independent,0,0,central-latest,1,1,0,0,0
independent,0,0,local-only,1,1,0,0,0
independent,0,0,last-observation,1,1,0,0,0
independent,0,0,generation-cache,1,1,0,0,0
independent,0,0,intersection-only,1,1,0,0,0
independent,0,0,fresh-read,1,1,0,0,0
independent,0,0,guarded,1,1,0,0,0
independent,0,1,central-latest,1,1,0,0,0
independent,0,1,local-only,1,1,0,0,0
independent,0,1,last-observation,1,1,0,0,0
independent,0,1,generation-cache,1,1,0,0,0
independent,0,1,intersection-only,1,1,0,0,0
independent,0,1,fresh-read,1,1,0,0,0
independent,0,1,guarded,1,1,0,0,0
independent,0,2,central-latest,1,1,0,0,0
independent,0,2,local-only,1,1,0,0,0
independent,0,2,last-observation,1,1,0,0,0
independent,0,2,generation-cache,1,1,0,0,0
independent,0,2,intersection-only,1,1,0,0,0
independent,0,2,fresh-read,1,1,0,0,0
independent,0,2,guarded,1,1,0,0,0
independent,0,3,central-latest,1,1,0,0,1
independent,0,3,local-only,1,1,0,0,1
independent,0,3,last-observation,1,1,0,0,1
independent,0,3,generation-cache,1,1,0,0,1
independent,0,3,intersection-only,1,1,0,0,1
independent,0,3,fresh-read,1,0,0,1,1
independent,0,3,guarded,1,0,0,1,1
independent,0,4,central-latest,1,1,0,0,1
independent,0,4,local-only,1,1,0,0,1
independent,0,4,last-observation,1,1,0,0,1
independent,0,4,generation-cache,1,1,0,0,1
independent,0,4,intersection-only,1,1,0,0,1
independent,0,4,fresh-read,1,0,0,1,1
independent,0,4,guarded,1,0,0,1,1
independent,0,5,central-latest,1,1,0,0,1
independent,0,5,local-only,1,1,0,0,1
independent,0,5,last-observation,1,1,0,0,1
independent,0,5,generation-cache,1,1,0,0,1
independent,0,5,intersection-only,1,1,0,0,1
independent,0,5,fresh-read,1,0,0,1,1
independent,0,5,guarded,1,0,0,1,1
independent,0,6,central-latest,0,1,1,0,1
independent,0,6,local-only,0,0,0,0,1
independent,0,6,last-observation,0,0,0,0,1
independent,0,6,generation-cache,0,0,0,0,1
independent,0,6,intersection-only,0,0,0,0,1
independent,0,6,fresh-read,0,0,0,0,1
independent,0,6,guarded,0,0,0,0,1
independent,0,7,central-latest,0,1,1,0,1
independent,0,7,local-only,0,0,0,0,1
independent,0,7,last-observation,0,0,0,0,1
independent,0,7,generation-cache,0,0,0,0,1
independent,0,7,intersection-only,0,0,0,0,1
independent,0,7,fresh-read,0,0,0,0,1
independent,0,7,guarded,0,0,0,0,1
independent,0,8,central-latest,0,1,1,0,1
independent,0,8,local-only,0,0,0,0,1
independent,0,8,last-observation,0,0,0,0,1
independent,0,8,generation-cache,0,0,0,0,1
independent,0,8,intersection-only,0,0,0,0,1
independent,0,8,fresh-read,0,0,0,0,1
independent,0,8,guarded,0,0,0,0,1
independent,0,9,central-latest,0,1,1,0,1
independent,0,9,local-only,0,1,1,0,1
independent,0,9,last-observation,0,1,1,0,1
independent,0,9,generation-cache,0,1,1,0,1
independent,0,9,intersection-only,0,1,1,0,1
independent,0,9,fresh-read,0,0,0,0,1
independent,0,9,guarded,0,0,0,0,1
independent,0,10,central-latest,0,1,1,0,1
independent,0,10,local-only,0,1,1,0,1
independent,0,10,last-observation,0,1,1,0,1
independent,0,10,generation-cache,0,1,1,0,1
independent,0,10,intersection-only,0,1,1,0,1
independent,0,10,fresh-read,0,0,0,0,1
independent,0,10,guarded,0,0,0,0,1
independent,0,11,central-latest,1,1,0,0,1
independent,0,11,local-only,1,1,0,0,1
independent,0,11,last-observation,1,1,0,0,1
independent,0,11,generation-cache,1,1,0,0,1
independent,0,11,intersection-only,1,1,0,0,1
independent,0,11,fresh-read,1,0,0,1,1
independent,0,11,guarded,1,0,0,1,1
independent,0,12,central-latest,1,1,0,0,1
independent,0,12,local-only,1,1,0,0,1
independent,0,12,last-observation,1,1,0,0,1
independent,0,12,generation-cache,1,1,0,0,1
independent,0,12,intersection-only,1,1,0,0,1
independent,0,12,fresh-read,1,0,0,1,1
independent,0,12,guarded,1,0,0,1,1
independent,0,13,central-latest,1,1,0,0,1
independent,0,13,local-only,1,1,0,0,1
independent,0,13,last-observation,1,1,0,0,1
independent,0,13,generation-cache,1,1,0,0,1
independent,0,13,intersection-only,1,1,0,0,1
independent,0,13,fresh-read,1,0,0,1,1
independent,0,13,guarded,1,0,0,1,1
independent,0,14,central-latest,0,1,1,0,0
independent,0,14,local-only,0,1,1,0,0
independent,0,14,last-observation,0,1,1,0,0
independent,0,14,generation-cache,0,1,1,0,0
independent,0,14,intersection-only,0,1,1,0,0
independent,0,14,fresh-read,0,0,0,0,0
independent,0,14,guarded,0,0,0,0,0
independent,0,15,central-latest,0,1,1,0,0
independent,0,15,local-only,0,0,0,0,0
independent,0,15,last-observation,0,0,0,0,0
independent,0,15,generation-cache,0,0,0,0,0
independent,0,15,intersection-only,0,0,0,0,0
independent,0,15,fresh-read,0,0,0,0,0
independent,0,15,guarded,0,0,0,0,0
independent,0,16,central-latest,0,1,1,0,0
independent,0,16,local-only,0,0,0,0,0
independent,0,16,last-observation,0,0,0,0,0
independent,0,16,generation-cache,0,0,0,0,0
independent,0,16,intersection-only,0,0,0,0,0
independent,0,16,fresh-read,0,0,0,0,0
independent,0,16,guarded,0,0,0,0,0
independent,0,17,central-latest,0,1,1,0,0
independent,0,17,local-only,0,0,0,0,0
independent,0,17,last-observation,0,0,0,0,0
independent,0,17,generation-cache,0,0,0,0,0
independent,0,17,intersection-only,0,0,0,0,0
independent,0,17,fresh-read,0,0,0,0,0
independent,0,17,guarded,0,0,0,0,0
independent,0,18,central-latest,1,1,0,0,0
independent,0,18,local-only,1,1,0,0,0
independent,0,18,last-observation,1,1,0,0,0
independent,0,18,generation-cache,1,1,0,0,0
independent,0,18,intersection-only,1,1,0,0,0
independent,0,18,fresh-read,1,1,0,0,0
independent,0,18,guarded,1,1,0,0,0
independent,0,19,central-latest,1,1,0,0,0
independent,0,19,local-only,1,1,0,0,0
independent,0,19,last-observation,1,1,0,0,0
independent,0,19,generation-cache,1,1,0,0,0
independent,0,19,intersection-only,1,0,0,1,0
independent,0,19,fresh-read,1,1,0,0,0
independent,0,19,guarded,1,1,0,0,0
independent,0,20,central-latest,1,1,0,0,0
independent,0,20,local-only,1,1,0,0,0
independent,0,20,last-observation,1,1,0,0,0
independent,0,20,generation-cache,1,1,0,0,0
independent,0,20,intersection-only,1,0,0,1,0
independent,0,20,fresh-read,1,1,0,0,0
independent,0,20,guarded,1,1,0,0,0
independent,0,21,central-latest,1,1,0,0,0
independent,0,21,local-only,1,1,0,0,0
independent,0,21,last-observation,1,1,0,0,0
independent,0,21,generation-cache,1,1,0,0,0
independent,0,21,intersection-only,1,1,0,0,0
independent,0,21,fresh-read,1,1,0,0,0
independent,0,21,guarded,1,1,0,0,0
independent,0,22,central-latest,0,1,1,0,0
independent,0,22,local-only,0,0,0,0,0
independent,0,22,last-observation,0,0,0,0,0
independent,0,22,generation-cache,0,0,0,0,0
independent,0,22,intersection-only,0,0,0,0,0
independent,0,22,fresh-read,0,0,0,0,0
independent,0,22,guarded,0,0,0,0,0
independent,0,23,central-latest,0,1,1,0,0
independent,0,23,local-only,0,0,0,0,0
independent,0,23,last-observation,0,0,0,0,0
independent,0,23,generation-cache,0,0,0,0,0
independent,0,23,intersection-only,0,0,0,0,0
independent,0,23,fresh-read,0,0,0,0,0
independent,0,23,guarded,0,0,0,0,0
independent,1,0,central-latest,0,1,1,0,0
independent,1,0,local-only,0,0,0,0,0
independent,1,0,last-observation,0,0,0,0,0
independent,1,0,generation-cache,0,0,0,0,0
independent,1,0,intersection-only,0,0,0,0,0
independent,1,0,fresh-read,0,0,0,0,0
independent,1,0,guarded,0,0,0,0,0
independent,1,1,central-latest,0,1,1,0,0
independent,1,1,local-only,0,0,0,0,0
independent,1,1,last-observation,0,0,0,0,0
independent,1,1,generation-cache,0,0,0,0,0
independent,1,1,intersection-only,0,0,0,0,0
independent,1,1,fresh-read,0,0,0,0,0
independent,1,1,guarded,0,0,0,0,0
independent,1,2,central-latest,0,1,1,0,0
independent,1,2,local-only,0,0,0,0,0
independent,1,2,last-observation,0,0,0,0,0
independent,1,2,generation-cache,0,0,0,0,0
independent,1,2,intersection-only,0,0,0,0,0
independent,1,2,fresh-read,0,0,0,0,0
independent,1,2,guarded,0,0,0,0,0
independent,1,3,central-latest,0,1,1,0,1
independent,1,3,local-only,0,0,0,0,1
independent,1,3,last-observation,0,0,0,0,1
independent,1,3,generation-cache,0,0,0,0,1
independent,1,3,intersection-only,0,0,0,0,1
independent,1,3,fresh-read,0,0,0,0,1
independent,1,3,guarded,0,0,0,0,1
independent,1,4,central-latest,0,1,1,0,1
independent,1,4,local-only,0,0,0,0,1
independent,1,4,last-observation,0,0,0,0,1
independent,1,4,generation-cache,0,0,0,0,1
independent,1,4,intersection-only,0,0,0,0,1
independent,1,4,fresh-read,0,0,0,0,1
independent,1,4,guarded,0,0,0,0,1
independent,1,5,central-latest,0,1,1,0,1
independent,1,5,local-only,0,0,0,0,1
independent,1,5,last-observation,0,0,0,0,1
independent,1,5,generation-cache,0,0,0,0,1
independent,1,5,intersection-only,0,0,0,0,1
independent,1,5,fresh-read,0,0,0,0,1
independent,1,5,guarded,0,0,0,0,1
independent,1,6,central-latest,0,1,1,0,1
independent,1,6,local-only,0,0,0,0,1
independent,1,6,last-observation,0,0,0,0,1
independent,1,6,generation-cache,0,0,0,0,1
independent,1,6,intersection-only,0,0,0,0,1
independent,1,6,fresh-read,0,0,0,0,1
independent,1,6,guarded,0,0,0,0,1
independent,1,7,central-latest,1,1,0,0,1
independent,1,7,local-only,1,1,0,0,1
independent,1,7,last-observation,1,1,0,0,1
independent,1,7,generation-cache,1,1,0,0,1
independent,1,7,intersection-only,1,1,0,0,1
independent,1,7,fresh-read,1,0,0,1,1
independent,1,7,guarded,1,0,0,1,1
independent,1,8,central-latest,1,1,0,0,1
independent,1,8,local-only,1,1,0,0,1
independent,1,8,last-observation,1,1,0,0,1
independent,1,8,generation-cache,1,1,0,0,1
independent,1,8,intersection-only,1,1,0,0,1
independent,1,8,fresh-read,1,0,0,1,1
independent,1,8,guarded,1,0,0,1,1
independent,1,9,central-latest,1,1,0,0,1
independent,1,9,local-only,1,1,0,0,1
independent,1,9,last-observation,1,1,0,0,1
independent,1,9,generation-cache,1,1,0,0,1
independent,1,9,intersection-only,1,0,0,1,1
independent,1,9,fresh-read,1,0,0,1,1
independent,1,9,guarded,1,0,0,1,1
independent,1,10,central-latest,0,1,1,0,1
independent,1,10,local-only,0,0,0,0,1
independent,1,10,last-observation,0,0,0,0,1
independent,1,10,generation-cache,0,0,0,0,1
independent,1,10,intersection-only,0,0,0,0,1
independent,1,10,fresh-read,0,0,0,0,1
independent,1,10,guarded,0,0,0,0,1
independent,1,11,central-latest,0,1,1,0,1
independent,1,11,local-only,0,0,0,0,1
independent,1,11,last-observation,0,0,0,0,1
independent,1,11,generation-cache,0,0,0,0,1
independent,1,11,intersection-only,0,0,0,0,1
independent,1,11,fresh-read,0,0,0,0,1
independent,1,11,guarded,0,0,0,0,1
independent,1,12,central-latest,0,1,1,0,1
independent,1,12,local-only,0,0,0,0,1
independent,1,12,last-observation,0,0,0,0,1
independent,1,12,generation-cache,0,0,0,0,1
independent,1,12,intersection-only,0,0,0,0,1
independent,1,12,fresh-read,0,0,0,0,1
independent,1,12,guarded,0,0,0,0,1
independent,1,13,central-latest,0,1,1,0,1
independent,1,13,local-only,0,0,0,0,1
independent,1,13,last-observation,0,0,0,0,1
independent,1,13,generation-cache,0,0,0,0,1
independent,1,13,intersection-only,0,0,0,0,1
independent,1,13,fresh-read,0,0,0,0,1
independent,1,13,guarded,0,0,0,0,1
independent,1,14,central-latest,0,1,1,0,0
independent,1,14,local-only,0,1,1,0,0
independent,1,14,last-observation,0,1,1,0,0
independent,1,14,generation-cache,0,1,1,0,0
independent,1,14,intersection-only,0,1,1,0,0
independent,1,14,fresh-read,0,0,0,0,0
independent,1,14,guarded,0,0,0,0,0
independent,1,15,central-latest,1,1,0,0,0
independent,1,15,local-only,1,1,0,0,0
independent,1,15,last-observation,1,1,0,0,0
independent,1,15,generation-cache,1,1,0,0,0
independent,1,15,intersection-only,1,1,0,0,0
independent,1,15,fresh-read,1,1,0,0,0
independent,1,15,guarded,1,1,0,0,0
independent,1,16,central-latest,1,1,0,0,0
independent,1,16,local-only,1,1,0,0,0
independent,1,16,last-observation,1,1,0,0,0
independent,1,16,generation-cache,1,1,0,0,0
independent,1,16,intersection-only,1,1,0,0,0
independent,1,16,fresh-read,1,1,0,0,0
independent,1,16,guarded,1,1,0,0,0
independent,1,17,central-latest,1,1,0,0,0
independent,1,17,local-only,1,1,0,0,0
independent,1,17,last-observation,1,1,0,0,0
independent,1,17,generation-cache,1,1,0,0,0
independent,1,17,intersection-only,1,1,0,0,0
independent,1,17,fresh-read,1,1,0,0,0
independent,1,17,guarded,1,1,0,0,0
independent,1,18,central-latest,0,1,1,0,0
independent,1,18,local-only,0,1,1,0,0
independent,1,18,last-observation,0,0,0,0,0
independent,1,18,generation-cache,0,0,0,0,0
independent,1,18,intersection-only,0,0,0,0,0
independent,1,18,fresh-read,0,0,0,0,0
independent,1,18,guarded,0,0,0,0,0
independent,1,19,central-latest,0,1,1,0,0
independent,1,19,local-only,0,1,1,0,0
independent,1,19,last-observation,0,0,0,0,0
independent,1,19,generation-cache,0,0,0,0,0
independent,1,19,intersection-only,0,0,0,0,0
independent,1,19,fresh-read,0,0,0,0,0
independent,1,19,guarded,0,0,0,0,0
independent,1,20,central-latest,0,1,1,0,0
independent,1,20,local-only,0,1,1,0,0
independent,1,20,last-observation,0,1,1,0,0
independent,1,20,generation-cache,0,0,0,0,0
independent,1,20,intersection-only,0,0,0,0,0
independent,1,20,fresh-read,0,0,0,0,0
independent,1,20,guarded,0,0,0,0,0
independent,1,21,central-latest,0,1,1,0,0
independent,1,21,local-only,0,1,1,0,0
independent,1,21,last-observation,0,0,0,0,0
independent,1,21,generation-cache,0,0,0,0,0
independent,1,21,intersection-only,0,0,0,0,0
independent,1,21,fresh-read,0,0,0,0,0
independent,1,21,guarded,0,0,0,0,0
independent,1,22,central-latest,1,1,0,0,0
independent,1,22,local-only,1,1,0,0,0
independent,1,22,last-observation,1,0,0,1,0
independent,1,22,generation-cache,1,0,0,1,0
independent,1,22,intersection-only,1,0,0,1,0
independent,1,22,fresh-read,1,1,0,0,0
independent,1,22,guarded,1,1,0,0,0
independent,1,23,central-latest,1,1,0,0,0
independent,1,23,local-only,1,1,0,0,0
independent,1,23,last-observation,1,0,0,1,0
independent,1,23,generation-cache,1,0,0,1,0
independent,1,23,intersection-only,1,0,0,1,0
independent,1,23,fresh-read,1,1,0,0,0
independent,1,23,guarded,1,1,0,0,0
independent,2,0,central-latest,0,1,1,0,0
independent,2,0,local-only,0,0,0,0,0
independent,2,0,last-observation,0,0,0,0,0
independent,2,0,generation-cache,0,0,0,0,0
independent,2,0,intersection-only,0,0,0,0,0
independent,2,0,fresh-read,0,0,0,0,0
independent,2,0,guarded,0,0,0,0,0
independent,2,1,central-latest,1,1,0,0,0
independent,2,1,local-only,1,1,0,0,0
independent,2,1,last-observation,1,1,0,0,0
independent,2,1,generation-cache,1,1,0,0,0
independent,2,1,intersection-only,1,0,0,1,0
independent,2,1,fresh-read,1,1,0,0,0
independent,2,1,guarded,1,1,0,0,0
independent,2,2,central-latest,1,1,0,0,0
independent,2,2,local-only,1,1,0,0,0
independent,2,2,last-observation,1,1,0,0,0
independent,2,2,generation-cache,1,1,0,0,0
independent,2,2,intersection-only,1,0,0,1,0
independent,2,2,fresh-read,1,1,0,0,0
independent,2,2,guarded,1,1,0,0,0
independent,2,3,central-latest,1,1,0,0,1
independent,2,3,local-only,1,1,0,0,1
independent,2,3,last-observation,1,1,0,0,1
independent,2,3,generation-cache,1,1,0,0,1
independent,2,3,intersection-only,1,0,0,1,1
independent,2,3,fresh-read,1,0,0,1,1
independent,2,3,guarded,1,0,0,1,1
independent,2,4,central-latest,1,1,0,0,1
independent,2,4,local-only,1,1,0,0,1
independent,2,4,last-observation,1,1,0,0,1
independent,2,4,generation-cache,1,1,0,0,1
independent,2,4,intersection-only,1,1,0,0,1
independent,2,4,fresh-read,1,0,0,1,1
independent,2,4,guarded,1,0,0,1,1
independent,2,5,central-latest,1,1,0,0,1
independent,2,5,local-only,1,1,0,0,1
independent,2,5,last-observation,1,1,0,0,1
independent,2,5,generation-cache,1,1,0,0,1
independent,2,5,intersection-only,1,1,0,0,1
independent,2,5,fresh-read,1,0,0,1,1
independent,2,5,guarded,1,0,0,1,1
independent,2,6,central-latest,1,1,0,0,1
independent,2,6,local-only,1,1,0,0,1
independent,2,6,last-observation,1,1,0,0,1
independent,2,6,generation-cache,1,1,0,0,1
independent,2,6,intersection-only,1,1,0,0,1
independent,2,6,fresh-read,1,0,0,1,1
independent,2,6,guarded,1,0,0,1,1
independent,2,7,central-latest,0,1,1,0,1
independent,2,7,local-only,0,1,1,0,1
independent,2,7,last-observation,0,1,1,0,1
independent,2,7,generation-cache,0,1,1,0,1
independent,2,7,intersection-only,0,1,1,0,1
independent,2,7,fresh-read,0,0,0,0,1
independent,2,7,guarded,0,0,0,0,1
independent,2,8,central-latest,0,1,1,0,1
independent,2,8,local-only,0,1,1,0,1
independent,2,8,last-observation,0,1,1,0,1
independent,2,8,generation-cache,0,1,1,0,1
independent,2,8,intersection-only,0,0,0,0,1
independent,2,8,fresh-read,0,0,0,0,1
independent,2,8,guarded,0,0,0,0,1
independent,2,9,central-latest,1,1,0,0,1
independent,2,9,local-only,1,1,0,0,1
independent,2,9,last-observation,1,1,0,0,1
independent,2,9,generation-cache,1,1,0,0,1
independent,2,9,intersection-only,1,0,0,1,1
independent,2,9,fresh-read,1,0,0,1,1
independent,2,9,guarded,1,0,0,1,1
independent,2,10,central-latest,1,1,0,0,1
independent,2,10,local-only,1,1,0,0,1
independent,2,10,last-observation,1,1,0,0,1
independent,2,10,generation-cache,1,1,0,0,1
independent,2,10,intersection-only,1,0,0,1,1
independent,2,10,fresh-read,1,0,0,1,1
independent,2,10,guarded,1,0,0,1,1
independent,2,11,central-latest,1,1,0,0,1
independent,2,11,local-only,1,1,0,0,1
independent,2,11,last-observation,1,1,0,0,1
independent,2,11,generation-cache,1,1,0,0,1
independent,2,11,intersection-only,1,1,0,0,1
independent,2,11,fresh-read,1,0,0,1,1
independent,2,11,guarded,1,0,0,1,1
independent,2,12,central-latest,1,1,0,0,1
independent,2,12,local-only,1,1,0,0,1
independent,2,12,last-observation,1,1,0,0,1
independent,2,12,generation-cache,1,1,0,0,1
independent,2,12,intersection-only,1,1,0,0,1
independent,2,12,fresh-read,1,0,0,1,1
independent,2,12,guarded,1,0,0,1,1
independent,2,13,central-latest,1,1,0,0,1
independent,2,13,local-only,1,1,0,0,1
independent,2,13,last-observation,1,1,0,0,1
independent,2,13,generation-cache,1,1,0,0,1
independent,2,13,intersection-only,1,1,0,0,1
independent,2,13,fresh-read,1,0,0,1,1
independent,2,13,guarded,1,0,0,1,1
independent,2,14,central-latest,1,1,0,0,0
independent,2,14,local-only,1,1,0,0,0
independent,2,14,last-observation,1,1,0,0,0
independent,2,14,generation-cache,1,1,0,0,0
independent,2,14,intersection-only,1,1,0,0,0
independent,2,14,fresh-read,1,1,0,0,0
independent,2,14,guarded,1,1,0,0,0
independent,2,15,central-latest,1,1,0,0,0
independent,2,15,local-only,1,1,0,0,0
independent,2,15,last-observation,1,1,0,0,0
independent,2,15,generation-cache,1,1,0,0,0
independent,2,15,intersection-only,1,0,0,1,0
independent,2,15,fresh-read,1,1,0,0,0
independent,2,15,guarded,1,1,0,0,0
independent,2,16,central-latest,1,1,0,0,0
independent,2,16,local-only,1,1,0,0,0
independent,2,16,last-observation,1,1,0,0,0
independent,2,16,generation-cache,1,1,0,0,0
independent,2,16,intersection-only,1,1,0,0,0
independent,2,16,fresh-read,1,1,0,0,0
independent,2,16,guarded,1,1,0,0,0
independent,2,17,central-latest,1,1,0,0,0
independent,2,17,local-only,1,1,0,0,0
independent,2,17,last-observation,1,1,0,0,0
independent,2,17,generation-cache,1,1,0,0,0
independent,2,17,intersection-only,1,1,0,0,0
independent,2,17,fresh-read,1,1,0,0,0
independent,2,17,guarded,1,1,0,0,0
independent,2,18,central-latest,1,1,0,0,0
independent,2,18,local-only,1,1,0,0,0
independent,2,18,last-observation,1,1,0,0,0
independent,2,18,generation-cache,1,1,0,0,0
independent,2,18,intersection-only,1,1,0,0,0
independent,2,18,fresh-read,1,1,0,0,0
independent,2,18,guarded,1,1,0,0,0
independent,2,19,central-latest,1,1,0,0,0
independent,2,19,local-only,1,1,0,0,0
independent,2,19,last-observation,1,1,0,0,0
independent,2,19,generation-cache,1,1,0,0,0
independent,2,19,intersection-only,1,1,0,0,0
independent,2,19,fresh-read,1,1,0,0,0
independent,2,19,guarded,1,1,0,0,0
independent,2,20,central-latest,1,1,0,0,0
independent,2,20,local-only,1,1,0,0,0
independent,2,20,last-observation,1,1,0,0,0
independent,2,20,generation-cache,1,1,0,0,0
independent,2,20,intersection-only,1,1,0,0,0
independent,2,20,fresh-read,1,1,0,0,0
independent,2,20,guarded,1,1,0,0,0
independent,2,21,central-latest,1,1,0,0,0
independent,2,21,local-only,1,1,0,0,0
independent,2,21,last-observation,1,1,0,0,0
independent,2,21,generation-cache,1,1,0,0,0
independent,2,21,intersection-only,1,1,0,0,0
independent,2,21,fresh-read,1,1,0,0,0
independent,2,21,guarded,1,1,0,0,0
independent,2,22,central-latest,1,1,0,0,0
independent,2,22,local-only,1,1,0,0,0
independent,2,22,last-observation,1,1,0,0,0
independent,2,22,generation-cache,1,1,0,0,0
independent,2,22,intersection-only,1,1,0,0,0
independent,2,22,fresh-read,1,1,0,0,0
independent,2,22,guarded,1,1,0,0,0
independent,2,23,central-latest,1,1,0,0,0
independent,2,23,local-only,1,1,0,0,0
independent,2,23,last-observation,1,1,0,0,0
independent,2,23,generation-cache,1,1,0,0,0
independent,2,23,intersection-only,1,1,0,0,0
independent,2,23,fresh-read,1,1,0,0,0
independent,2,23,guarded,1,1,0,0,0
independent,3,0,central-latest,1,1,0,0,0
independent,3,0,local-only,1,1,0,0,0
independent,3,0,last-observation,1,1,0,0,0
independent,3,0,generation-cache,1,1,0,0,0
independent,3,0,intersection-only,1,1,0,0,0
independent,3,0,fresh-read,1,1,0,0,0
independent,3,0,guarded,1,1,0,0,0
independent,3,1,central-latest,1,1,0,0,0
independent,3,1,local-only,1,1,0,0,0
independent,3,1,last-observation,1,1,0,0,0
independent,3,1,generation-cache,1,1,0,0,0
independent,3,1,intersection-only,1,1,0,0,0
independent,3,1,fresh-read,1,1,0,0,0
independent,3,1,guarded,1,1,0,0,0
independent,3,2,central-latest,0,1,1,0,0
independent,3,2,local-only,0,0,0,0,0
independent,3,2,last-observation,0,0,0,0,0
independent,3,2,generation-cache,0,0,0,0,0
independent,3,2,intersection-only,0,0,0,0,0
independent,3,2,fresh-read,0,0,0,0,0
independent,3,2,guarded,0,0,0,0,0
independent,3,3,central-latest,0,1,1,0,1
independent,3,3,local-only,0,0,0,0,1
independent,3,3,last-observation,0,0,0,0,1
independent,3,3,generation-cache,0,0,0,0,1
independent,3,3,intersection-only,0,0,0,0,1
independent,3,3,fresh-read,0,0,0,0,1
independent,3,3,guarded,0,0,0,0,1
independent,3,4,central-latest,1,1,0,0,1
independent,3,4,local-only,1,1,0,0,1
independent,3,4,last-observation,1,1,0,0,1
independent,3,4,generation-cache,1,1,0,0,1
independent,3,4,intersection-only,1,1,0,0,1
independent,3,4,fresh-read,1,0,0,1,1
independent,3,4,guarded,1,0,0,1,1
independent,3,5,central-latest,1,1,0,0,1
independent,3,5,local-only,1,1,0,0,1
independent,3,5,last-observation,1,1,0,0,1
independent,3,5,generation-cache,1,1,0,0,1
independent,3,5,intersection-only,1,1,0,0,1
independent,3,5,fresh-read,1,0,0,1,1
independent,3,5,guarded,1,0,0,1,1
independent,3,6,central-latest,1,1,0,0,1
independent,3,6,local-only,1,1,0,0,1
independent,3,6,last-observation,1,1,0,0,1
independent,3,6,generation-cache,1,1,0,0,1
independent,3,6,intersection-only,1,1,0,0,1
independent,3,6,fresh-read,1,0,0,1,1
independent,3,6,guarded,1,0,0,1,1
independent,3,7,central-latest,1,1,0,0,1
independent,3,7,local-only,1,1,0,0,1
independent,3,7,last-observation,1,1,0,0,1
independent,3,7,generation-cache,1,1,0,0,1
independent,3,7,intersection-only,1,1,0,0,1
independent,3,7,fresh-read,1,0,0,1,1
independent,3,7,guarded,1,0,0,1,1
independent,3,8,central-latest,0,1,1,0,1
independent,3,8,local-only,0,1,1,0,1
independent,3,8,last-observation,0,1,1,0,1
independent,3,8,generation-cache,0,1,1,0,1
independent,3,8,intersection-only,0,1,1,0,1
independent,3,8,fresh-read,0,0,0,0,1
independent,3,8,guarded,0,0,0,0,1
independent,3,9,central-latest,0,1,1,0,1
independent,3,9,local-only,0,1,1,0,1
independent,3,9,last-observation,0,1,1,0,1
independent,3,9,generation-cache,0,1,1,0,1
independent,3,9,intersection-only,0,1,1,0,1
independent,3,9,fresh-read,0,0,0,0,1
independent,3,9,guarded,0,0,0,0,1
independent,3,10,central-latest,0,1,1,0,1
independent,3,10,local-only,0,1,1,0,1
independent,3,10,last-observation,0,1,1,0,1
independent,3,10,generation-cache,0,1,1,0,1
independent,3,10,intersection-only,0,0,0,0,1
independent,3,10,fresh-read,0,0,0,0,1
independent,3,10,guarded,0,0,0,0,1
independent,3,11,central-latest,0,1,1,0,1
independent,3,11,local-only,0,1,1,0,1
independent,3,11,last-observation,0,1,1,0,1
independent,3,11,generation-cache,0,1,1,0,1
independent,3,11,intersection-only,0,0,0,0,1
independent,3,11,fresh-read,0,0,0,0,1
independent,3,11,guarded,0,0,0,0,1
independent,3,12,central-latest,1,1,0,0,1
independent,3,12,local-only,1,1,0,0,1
independent,3,12,last-observation,1,1,0,0,1
independent,3,12,generation-cache,1,1,0,0,1
independent,3,12,intersection-only,1,0,0,1,1
independent,3,12,fresh-read,1,0,0,1,1
independent,3,12,guarded,1,0,0,1,1
independent,3,13,central-latest,1,1,0,0,1
independent,3,13,local-only,1,1,0,0,1
independent,3,13,last-observation,1,1,0,0,1
independent,3,13,generation-cache,1,1,0,0,1
independent,3,13,intersection-only,1,0,0,1,1
independent,3,13,fresh-read,1,0,0,1,1
independent,3,13,guarded,1,0,0,1,1
independent,3,14,central-latest,1,1,0,0,0
independent,3,14,local-only,1,1,0,0,0
independent,3,14,last-observation,1,1,0,0,0
independent,3,14,generation-cache,1,1,0,0,0
independent,3,14,intersection-only,1,0,0,1,0
independent,3,14,fresh-read,1,1,0,0,0
independent,3,14,guarded,1,1,0,0,0
independent,3,15,central-latest,0,1,1,0,0
independent,3,15,local-only,0,1,1,0,0
independent,3,15,last-observation,0,1,1,0,0
independent,3,15,generation-cache,0,0,0,0,0
independent,3,15,intersection-only,0,0,0,0,0
independent,3,15,fresh-read,0,0,0,0,0
independent,3,15,guarded,0,0,0,0,0
independent,3,16,central-latest,0,1,1,0,0
independent,3,16,local-only,0,1,1,0,0
independent,3,16,last-observation,0,1,1,0,0
independent,3,16,generation-cache,0,0,0,0,0
independent,3,16,intersection-only,0,0,0,0,0
independent,3,16,fresh-read,0,0,0,0,0
independent,3,16,guarded,0,0,0,0,0
independent,3,17,central-latest,1,1,0,0,0
independent,3,17,local-only,1,1,0,0,0
independent,3,17,last-observation,1,1,0,0,0
independent,3,17,generation-cache,1,0,0,1,0
independent,3,17,intersection-only,1,0,0,1,0
independent,3,17,fresh-read,1,1,0,0,0
independent,3,17,guarded,1,1,0,0,0
independent,3,18,central-latest,1,1,0,0,0
independent,3,18,local-only,1,1,0,0,0
independent,3,18,last-observation,1,1,0,0,0
independent,3,18,generation-cache,1,1,0,0,0
independent,3,18,intersection-only,1,1,0,0,0
independent,3,18,fresh-read,1,1,0,0,0
independent,3,18,guarded,1,1,0,0,0
independent,3,19,central-latest,1,1,0,0,0
independent,3,19,local-only,1,1,0,0,0
independent,3,19,last-observation,1,1,0,0,0
independent,3,19,generation-cache,1,1,0,0,0
independent,3,19,intersection-only,1,1,0,0,0
independent,3,19,fresh-read,1,1,0,0,0
independent,3,19,guarded,1,1,0,0,0
independent,3,20,central-latest,1,1,0,0,0
independent,3,20,local-only,1,1,0,0,0
independent,3,20,last-observation,1,1,0,0,0
independent,3,20,generation-cache,1,1,0,0,0
independent,3,20,intersection-only,1,1,0,0,0
independent,3,20,fresh-read,1,1,0,0,0
independent,3,20,guarded,1,1,0,0,0
independent,3,21,central-latest,1,1,0,0,0
independent,3,21,local-only,1,1,0,0,0
independent,3,21,last-observation,1,1,0,0,0
independent,3,21,generation-cache,1,1,0,0,0
independent,3,21,intersection-only,1,1,0,0,0
independent,3,21,fresh-read,1,1,0,0,0
independent,3,21,guarded,1,1,0,0,0
independent,3,22,central-latest,0,1,1,0,0
independent,3,22,local-only,0,1,1,0,0
independent,3,22,last-observation,0,1,1,0,0
independent,3,22,generation-cache,0,1,1,0,0
independent,3,22,intersection-only,0,1,1,0,0
independent,3,22,fresh-read,0,0,0,0,0
independent,3,22,guarded,0,0,0,0,0
independent,3,23,central-latest,1,1,0,0,0
independent,3,23,local-only,1,1,0,0,0
independent,3,23,last-observation,1,1,0,0,0
independent,3,23,generation-cache,1,1,0,0,0
independent,3,23,intersection-only,1,1,0,0,0
independent,3,23,fresh-read,1,1,0,0,0
independent,3,23,guarded,1,1,0,0,0
independent,4,0,central-latest,1,1,0,0,0
independent,4,0,local-only,1,1,0,0,0
independent,4,0,last-observation,1,1,0,0,0
independent,4,0,generation-cache,1,1,0,0,0
independent,4,0,intersection-only,1,0,0,1,0
independent,4,0,fresh-read,1,1,0,0,0
independent,4,0,guarded,1,1,0,0,0
independent,4,1,central-latest,1,1,0,0,0
independent,4,1,local-only,1,1,0,0,0
independent,4,1,last-observation,1,1,0,0,0
independent,4,1,generation-cache,1,1,0,0,0
independent,4,1,intersection-only,1,1,0,0,0
independent,4,1,fresh-read,1,1,0,0,0
independent,4,1,guarded,1,1,0,0,0
independent,4,2,central-latest,1,1,0,0,0
independent,4,2,local-only,1,1,0,0,0
independent,4,2,last-observation,1,1,0,0,0
independent,4,2,generation-cache,1,1,0,0,0
independent,4,2,intersection-only,1,1,0,0,0
independent,4,2,fresh-read,1,1,0,0,0
independent,4,2,guarded,1,1,0,0,0
independent,4,3,central-latest,0,1,1,0,1
independent,4,3,local-only,0,0,0,0,1
independent,4,3,last-observation,0,0,0,0,1
independent,4,3,generation-cache,0,0,0,0,1
independent,4,3,intersection-only,0,0,0,0,1
independent,4,3,fresh-read,0,0,0,0,1
independent,4,3,guarded,0,0,0,0,1
independent,4,4,central-latest,1,1,0,0,1
independent,4,4,local-only,1,1,0,0,1
independent,4,4,last-observation,1,1,0,0,1
independent,4,4,generation-cache,1,1,0,0,1
independent,4,4,intersection-only,1,1,0,0,1
independent,4,4,fresh-read,1,0,0,1,1
independent,4,4,guarded,1,0,0,1,1
independent,4,5,central-latest,0,1,1,0,1
independent,4,5,local-only,0,1,1,0,1
independent,4,5,last-observation,0,1,1,0,1
independent,4,5,generation-cache,0,1,1,0,1
independent,4,5,intersection-only,0,1,1,0,1
independent,4,5,fresh-read,0,0,0,0,1
independent,4,5,guarded,0,0,0,0,1
independent,4,6,central-latest,0,1,1,0,1
independent,4,6,local-only,0,1,1,0,1
independent,4,6,last-observation,0,1,1,0,1
independent,4,6,generation-cache,0,1,1,0,1
independent,4,6,intersection-only,0,0,0,0,1
independent,4,6,fresh-read,0,0,0,0,1
independent,4,6,guarded,0,0,0,0,1
independent,4,7,central-latest,1,1,0,0,1
independent,4,7,local-only,1,1,0,0,1
independent,4,7,last-observation,1,1,0,0,1
independent,4,7,generation-cache,1,1,0,0,1
independent,4,7,intersection-only,1,0,0,1,1
independent,4,7,fresh-read,1,0,0,1,1
independent,4,7,guarded,1,0,0,1,1
independent,4,8,central-latest,1,1,0,0,1
independent,4,8,local-only,1,1,0,0,1
independent,4,8,last-observation,1,1,0,0,1
independent,4,8,generation-cache,1,1,0,0,1
independent,4,8,intersection-only,1,0,0,1,1
independent,4,8,fresh-read,1,0,0,1,1
independent,4,8,guarded,1,0,0,1,1
independent,4,9,central-latest,0,1,1,0,1
independent,4,9,local-only,0,0,0,0,1
independent,4,9,last-observation,0,0,0,0,1
independent,4,9,generation-cache,0,0,0,0,1
independent,4,9,intersection-only,0,0,0,0,1
independent,4,9,fresh-read,0,0,0,0,1
independent,4,9,guarded,0,0,0,0,1
independent,4,10,central-latest,0,1,1,0,1
independent,4,10,local-only,0,0,0,0,1
independent,4,10,last-observation,0,0,0,0,1
independent,4,10,generation-cache,0,0,0,0,1
independent,4,10,intersection-only,0,0,0,0,1
independent,4,10,fresh-read,0,0,0,0,1
independent,4,10,guarded,0,0,0,0,1
independent,4,11,central-latest,1,1,0,0,1
independent,4,11,local-only,1,1,0,0,1
independent,4,11,last-observation,1,1,0,0,1
independent,4,11,generation-cache,1,1,0,0,1
independent,4,11,intersection-only,1,1,0,0,1
independent,4,11,fresh-read,1,0,0,1,1
independent,4,11,guarded,1,0,0,1,1
independent,4,12,central-latest,1,1,0,0,1
independent,4,12,local-only,1,1,0,0,1
independent,4,12,last-observation,1,1,0,0,1
independent,4,12,generation-cache,1,1,0,0,1
independent,4,12,intersection-only,1,1,0,0,1
independent,4,12,fresh-read,1,0,0,1,1
independent,4,12,guarded,1,0,0,1,1
independent,4,13,central-latest,0,1,1,0,1
independent,4,13,local-only,0,1,1,0,1
independent,4,13,last-observation,0,1,1,0,1
independent,4,13,generation-cache,0,1,1,0,1
independent,4,13,intersection-only,0,1,1,0,1
independent,4,13,fresh-read,0,0,0,0,1
independent,4,13,guarded,0,0,0,0,1
independent,4,14,central-latest,1,1,0,0,0
independent,4,14,local-only,1,1,0,0,0
independent,4,14,last-observation,1,1,0,0,0
independent,4,14,generation-cache,1,1,0,0,0
independent,4,14,intersection-only,1,1,0,0,0
independent,4,14,fresh-read,1,1,0,0,0
independent,4,14,guarded,1,1,0,0,0
independent,4,15,central-latest,1,1,0,0,0
independent,4,15,local-only,1,1,0,0,0
independent,4,15,last-observation,1,1,0,0,0
independent,4,15,generation-cache,1,1,0,0,0
independent,4,15,intersection-only,1,1,0,0,0
independent,4,15,fresh-read,1,1,0,0,0
independent,4,15,guarded,1,1,0,0,0
independent,4,16,central-latest,1,1,0,0,0
independent,4,16,local-only,1,1,0,0,0
independent,4,16,last-observation,1,1,0,0,0
independent,4,16,generation-cache,1,1,0,0,0
independent,4,16,intersection-only,1,1,0,0,0
independent,4,16,fresh-read,1,1,0,0,0
independent,4,16,guarded,1,1,0,0,0
independent,4,17,central-latest,0,1,1,0,0
independent,4,17,local-only,0,1,1,0,0
independent,4,17,last-observation,0,1,1,0,0
independent,4,17,generation-cache,0,1,1,0,0
independent,4,17,intersection-only,0,1,1,0,0
independent,4,17,fresh-read,0,0,0,0,0
independent,4,17,guarded,0,0,0,0,0
independent,4,18,central-latest,0,1,1,0,0
independent,4,18,local-only,0,1,1,0,0
independent,4,18,last-observation,0,0,0,0,0
independent,4,18,generation-cache,0,0,0,0,0
independent,4,18,intersection-only,0,0,0,0,0
independent,4,18,fresh-read,0,0,0,0,0
independent,4,18,guarded,0,0,0,0,0
independent,4,19,central-latest,1,1,0,0,0
independent,4,19,local-only,1,1,0,0,0
independent,4,19,last-observation,1,0,0,1,0
independent,4,19,generation-cache,1,0,0,1,0
independent,4,19,intersection-only,1,0,0,1,0
independent,4,19,fresh-read,1,1,0,0,0
independent,4,19,guarded,1,1,0,0,0
independent,4,20,central-latest,1,1,0,0,0
independent,4,20,local-only,1,1,0,0,0
independent,4,20,last-observation,1,1,0,0,0
independent,4,20,generation-cache,1,0,0,1,0
independent,4,20,intersection-only,1,0,0,1,0
independent,4,20,fresh-read,1,1,0,0,0
independent,4,20,guarded,1,1,0,0,0
independent,4,21,central-latest,1,1,0,0,0
independent,4,21,local-only,1,1,0,0,0
independent,4,21,last-observation,1,1,0,0,0
independent,4,21,generation-cache,1,1,0,0,0
independent,4,21,intersection-only,1,1,0,0,0
independent,4,21,fresh-read,1,1,0,0,0
independent,4,21,guarded,1,1,0,0,0
independent,4,22,central-latest,1,1,0,0,0
independent,4,22,local-only,1,1,0,0,0
independent,4,22,last-observation,1,1,0,0,0
independent,4,22,generation-cache,1,1,0,0,0
independent,4,22,intersection-only,1,1,0,0,0
independent,4,22,fresh-read,1,1,0,0,0
independent,4,22,guarded,1,1,0,0,0
independent,4,23,central-latest,1,1,0,0,0
independent,4,23,local-only,1,1,0,0,0
independent,4,23,last-observation,1,1,0,0,0
independent,4,23,generation-cache,1,1,0,0,0
independent,4,23,intersection-only,1,0,0,1,0
independent,4,23,fresh-read,1,1,0,0,0
independent,4,23,guarded,1,1,0,0,0
independent,5,0,central-latest,1,1,0,0,0
independent,5,0,local-only,1,1,0,0,0
independent,5,0,last-observation,1,1,0,0,0
independent,5,0,generation-cache,1,1,0,0,0
independent,5,0,intersection-only,1,0,0,1,0
independent,5,0,fresh-read,1,1,0,0,0
independent,5,0,guarded,1,1,0,0,0
independent,5,1,central-latest,1,1,0,0,0
independent,5,1,local-only,1,1,0,0,0
independent,5,1,last-observation,1,1,0,0,0
independent,5,1,generation-cache,1,1,0,0,0
independent,5,1,intersection-only,1,1,0,0,0
independent,5,1,fresh-read,1,1,0,0,0
independent,5,1,guarded,1,1,0,0,0
independent,5,2,central-latest,0,1,1,0,0
independent,5,2,local-only,0,0,0,0,0
independent,5,2,last-observation,0,0,0,0,0
independent,5,2,generation-cache,0,0,0,0,0
independent,5,2,intersection-only,0,0,0,0,0
independent,5,2,fresh-read,0,0,0,0,0
independent,5,2,guarded,0,0,0,0,0
independent,5,3,central-latest,0,1,1,0,1
independent,5,3,local-only,0,0,0,0,1
independent,5,3,last-observation,0,0,0,0,1
independent,5,3,generation-cache,0,0,0,0,1
independent,5,3,intersection-only,0,0,0,0,1
independent,5,3,fresh-read,0,0,0,0,1
independent,5,3,guarded,0,0,0,0,1
independent,5,4,central-latest,0,1,1,0,1
independent,5,4,local-only,0,0,0,0,1
independent,5,4,last-observation,0,0,0,0,1
independent,5,4,generation-cache,0,0,0,0,1
independent,5,4,intersection-only,0,0,0,0,1
independent,5,4,fresh-read,0,0,0,0,1
independent,5,4,guarded,0,0,0,0,1
independent,5,5,central-latest,1,1,0,0,1
independent,5,5,local-only,1,1,0,0,1
independent,5,5,last-observation,1,1,0,0,1
independent,5,5,generation-cache,1,1,0,0,1
independent,5,5,intersection-only,1,1,0,0,1
independent,5,5,fresh-read,1,0,0,1,1
independent,5,5,guarded,1,0,0,1,1
independent,5,6,central-latest,1,1,0,0,1
independent,5,6,local-only,1,1,0,0,1
independent,5,6,last-observation,1,1,0,0,1
independent,5,6,generation-cache,1,1,0,0,1
independent,5,6,intersection-only,1,0,0,1,1
independent,5,6,fresh-read,1,0,0,1,1
independent,5,6,guarded,1,0,0,1,1
independent,5,7,central-latest,1,1,0,0,1
independent,5,7,local-only,1,1,0,0,1
independent,5,7,last-observation,1,1,0,0,1
independent,5,7,generation-cache,1,1,0,0,1
independent,5,7,intersection-only,1,0,0,1,1
independent,5,7,fresh-read,1,0,0,1,1
independent,5,7,guarded,1,0,0,1,1
independent,5,8,central-latest,1,1,0,0,1
independent,5,8,local-only,1,1,0,0,1
independent,5,8,last-observation,1,1,0,0,1
independent,5,8,generation-cache,1,1,0,0,1
independent,5,8,intersection-only,1,0,0,1,1
independent,5,8,fresh-read,1,0,0,1,1
independent,5,8,guarded,1,0,0,1,1
independent,5,9,central-latest,1,1,0,0,1
independent,5,9,local-only,1,1,0,0,1
independent,5,9,last-observation,1,1,0,0,1
independent,5,9,generation-cache,1,1,0,0,1
independent,5,9,intersection-only,1,1,0,0,1
independent,5,9,fresh-read,1,0,0,1,1
independent,5,9,guarded,1,0,0,1,1
independent,5,10,central-latest,0,1,1,0,1
independent,5,10,local-only,0,0,0,0,1
independent,5,10,last-observation,0,0,0,0,1
independent,5,10,generation-cache,0,0,0,0,1
independent,5,10,intersection-only,0,0,0,0,1
independent,5,10,fresh-read,0,0,0,0,1
independent,5,10,guarded,0,0,0,0,1
independent,5,11,central-latest,1,1,0,0,1
independent,5,11,local-only,1,1,0,0,1
independent,5,11,last-observation,1,1,0,0,1
independent,5,11,generation-cache,1,1,0,0,1
independent,5,11,intersection-only,1,1,0,0,1
independent,5,11,fresh-read,1,0,0,1,1
independent,5,11,guarded,1,0,0,1,1
independent,5,12,central-latest,1,1,0,0,1
independent,5,12,local-only,1,1,0,0,1
independent,5,12,last-observation,1,1,0,0,1
independent,5,12,generation-cache,1,1,0,0,1
independent,5,12,intersection-only,1,0,0,1,1
independent,5,12,fresh-read,1,0,0,1,1
independent,5,12,guarded,1,0,0,1,1
independent,5,13,central-latest,0,1,1,0,1
independent,5,13,local-only,0,0,0,0,1
independent,5,13,last-observation,0,0,0,0,1
independent,5,13,generation-cache,0,0,0,0,1
independent,5,13,intersection-only,0,0,0,0,1
independent,5,13,fresh-read,0,0,0,0,1
independent,5,13,guarded,0,0,0,0,1
independent,5,14,central-latest,1,1,0,0,0
independent,5,14,local-only,1,1,0,0,0
independent,5,14,last-observation,1,1,0,0,0
independent,5,14,generation-cache,1,1,0,0,0
independent,5,14,intersection-only,1,0,0,1,0
independent,5,14,fresh-read,1,1,0,0,0
independent,5,14,guarded,1,1,0,0,0
independent,5,15,central-latest,1,1,0,0,0
independent,5,15,local-only,1,1,0,0,0
independent,5,15,last-observation,1,1,0,0,0
independent,5,15,generation-cache,1,1,0,0,0
independent,5,15,intersection-only,1,0,0,1,0
independent,5,15,fresh-read,1,1,0,0,0
independent,5,15,guarded,1,1,0,0,0
independent,5,16,central-latest,1,1,0,0,0
independent,5,16,local-only,1,1,0,0,0
independent,5,16,last-observation,1,1,0,0,0
independent,5,16,generation-cache,1,1,0,0,0
independent,5,16,intersection-only,1,0,0,1,0
independent,5,16,fresh-read,1,1,0,0,0
independent,5,16,guarded,1,1,0,0,0
independent,5,17,central-latest,1,1,0,0,0
independent,5,17,local-only,1,1,0,0,0
independent,5,17,last-observation,1,1,0,0,0
independent,5,17,generation-cache,1,1,0,0,0
independent,5,17,intersection-only,1,0,0,1,0
independent,5,17,fresh-read,1,1,0,0,0
independent,5,17,guarded,1,1,0,0,0
independent,5,18,central-latest,1,1,0,0,0
independent,5,18,local-only,1,1,0,0,0
independent,5,18,last-observation,1,1,0,0,0
independent,5,18,generation-cache,1,1,0,0,0
independent,5,18,intersection-only,1,0,0,1,0
independent,5,18,fresh-read,1,1,0,0,0
independent,5,18,guarded,1,1,0,0,0
independent,5,19,central-latest,1,1,0,0,0
independent,5,19,local-only,1,1,0,0,0
independent,5,19,last-observation,1,1,0,0,0
independent,5,19,generation-cache,1,1,0,0,0
independent,5,19,intersection-only,1,0,0,1,0
independent,5,19,fresh-read,1,1,0,0,0
independent,5,19,guarded,1,1,0,0,0
independent,5,20,central-latest,1,1,0,0,0
independent,5,20,local-only,1,1,0,0,0
independent,5,20,last-observation,1,1,0,0,0
independent,5,20,generation-cache,1,1,0,0,0
independent,5,20,intersection-only,1,1,0,0,0
independent,5,20,fresh-read,1,1,0,0,0
independent,5,20,guarded,1,1,0,0,0
independent,5,21,central-latest,1,1,0,0,0
independent,5,21,local-only,1,1,0,0,0
independent,5,21,last-observation,1,1,0,0,0
independent,5,21,generation-cache,1,1,0,0,0
independent,5,21,intersection-only,1,0,0,1,0
independent,5,21,fresh-read,1,1,0,0,0
independent,5,21,guarded,1,1,0,0,0
independent,5,22,central-latest,1,1,0,0,0
independent,5,22,local-only,1,1,0,0,0
independent,5,22,last-observation,1,1,0,0,0
independent,5,22,generation-cache,1,1,0,0,0
independent,5,22,intersection-only,1,0,0,1,0
independent,5,22,fresh-read,1,1,0,0,0
independent,5,22,guarded,1,1,0,0,0
independent,5,23,central-latest,1,1,0,0,0
independent,5,23,local-only,1,1,0,0,0
independent,5,23,last-observation,1,1,0,0,0
independent,5,23,generation-cache,1,1,0,0,0
independent,5,23,intersection-only,1,0,0,1,0
independent,5,23,fresh-read,1,1,0,0,0
independent,5,23,guarded,1,1,0,0,0
correlated,0,0,central-latest,1,1,0,0,0
correlated,0,0,local-only,1,1,0,0,0
correlated,0,0,last-observation,1,1,0,0,0
correlated,0,0,generation-cache,1,1,0,0,0
correlated,0,0,intersection-only,1,1,0,0,0
correlated,0,0,fresh-read,1,1,0,0,0
correlated,0,0,guarded,1,1,0,0,0
correlated,0,1,central-latest,1,1,0,0,0
correlated,0,1,local-only,1,1,0,0,0
correlated,0,1,last-observation,1,1,0,0,0
correlated,0,1,generation-cache,1,1,0,0,0
correlated,0,1,intersection-only,1,1,0,0,0
correlated,0,1,fresh-read,1,1,0,0,0
correlated,0,1,guarded,1,1,0,0,0
correlated,0,2,central-latest,1,1,0,0,0
correlated,0,2,local-only,1,1,0,0,0
correlated,0,2,last-observation,1,1,0,0,0
correlated,0,2,generation-cache,1,1,0,0,0
correlated,0,2,intersection-only,1,1,0,0,0
correlated,0,2,fresh-read,1,1,0,0,0
correlated,0,2,guarded,1,1,0,0,0
correlated,0,3,central-latest,1,1,0,0,1
correlated,0,3,local-only,1,1,0,0,1
correlated,0,3,last-observation,1,1,0,0,1
correlated,0,3,generation-cache,1,1,0,0,1
correlated,0,3,intersection-only,1,1,0,0,1
correlated,0,3,fresh-read,1,0,0,1,1
correlated,0,3,guarded,1,0,0,1,1
correlated,0,4,central-latest,0,1,1,0,1
correlated,0,4,local-only,0,1,1,0,1
correlated,0,4,last-observation,0,1,1,0,1
correlated,0,4,generation-cache,0,1,1,0,1
correlated,0,4,intersection-only,0,1,1,0,1
correlated,0,4,fresh-read,0,0,0,0,1
correlated,0,4,guarded,0,0,0,0,1
correlated,0,5,central-latest,0,1,1,0,1
correlated,0,5,local-only,0,1,1,0,1
correlated,0,5,last-observation,0,1,1,0,1
correlated,0,5,generation-cache,0,1,1,0,1
correlated,0,5,intersection-only,0,1,1,0,1
correlated,0,5,fresh-read,0,0,0,0,1
correlated,0,5,guarded,0,0,0,0,1
correlated,0,6,central-latest,0,1,1,0,1
correlated,0,6,local-only,0,0,0,0,1
correlated,0,6,last-observation,0,0,0,0,1
correlated,0,6,generation-cache,0,0,0,0,1
correlated,0,6,intersection-only,0,0,0,0,1
correlated,0,6,fresh-read,0,0,0,0,1
correlated,0,6,guarded,0,0,0,0,1
correlated,0,7,central-latest,0,1,1,0,1
correlated,0,7,local-only,0,0,0,0,1
correlated,0,7,last-observation,0,0,0,0,1
correlated,0,7,generation-cache,0,0,0,0,1
correlated,0,7,intersection-only,0,0,0,0,1
correlated,0,7,fresh-read,0,0,0,0,1
correlated,0,7,guarded,0,0,0,0,1
correlated,0,8,central-latest,0,1,1,0,1
correlated,0,8,local-only,0,0,0,0,1
correlated,0,8,last-observation,0,0,0,0,1
correlated,0,8,generation-cache,0,0,0,0,1
correlated,0,8,intersection-only,0,0,0,0,1
correlated,0,8,fresh-read,0,0,0,0,1
correlated,0,8,guarded,0,0,0,0,1
correlated,0,9,central-latest,0,1,1,0,1
correlated,0,9,local-only,0,1,1,0,1
correlated,0,9,last-observation,0,1,1,0,1
correlated,0,9,generation-cache,0,1,1,0,1
correlated,0,9,intersection-only,0,1,1,0,1
correlated,0,9,fresh-read,0,0,0,0,1
correlated,0,9,guarded,0,0,0,0,1
correlated,0,10,central-latest,0,1,1,0,1
correlated,0,10,local-only,0,1,1,0,1
correlated,0,10,last-observation,0,1,1,0,1
correlated,0,10,generation-cache,0,1,1,0,1
correlated,0,10,intersection-only,0,1,1,0,1
correlated,0,10,fresh-read,0,0,0,0,1
correlated,0,10,guarded,0,0,0,0,1
correlated,0,11,central-latest,1,1,0,0,1
correlated,0,11,local-only,1,1,0,0,1
correlated,0,11,last-observation,1,1,0,0,1
correlated,0,11,generation-cache,1,1,0,0,1
correlated,0,11,intersection-only,1,1,0,0,1
correlated,0,11,fresh-read,1,0,0,1,1
correlated,0,11,guarded,1,0,0,1,1
correlated,0,12,central-latest,0,1,1,0,1
correlated,0,12,local-only,0,1,1,0,1
correlated,0,12,last-observation,0,1,1,0,1
correlated,0,12,generation-cache,0,1,1,0,1
correlated,0,12,intersection-only,0,1,1,0,1
correlated,0,12,fresh-read,0,0,0,0,1
correlated,0,12,guarded,0,0,0,0,1
correlated,0,13,central-latest,1,1,0,0,1
correlated,0,13,local-only,1,1,0,0,1
correlated,0,13,last-observation,1,1,0,0,1
correlated,0,13,generation-cache,1,1,0,0,1
correlated,0,13,intersection-only,1,1,0,0,1
correlated,0,13,fresh-read,1,0,0,1,1
correlated,0,13,guarded,1,0,0,1,1
correlated,0,14,central-latest,0,1,1,0,0
correlated,0,14,local-only,0,1,1,0,0
correlated,0,14,last-observation,0,1,1,0,0
correlated,0,14,generation-cache,0,1,1,0,0
correlated,0,14,intersection-only,0,1,1,0,0
correlated,0,14,fresh-read,0,0,0,0,0
correlated,0,14,guarded,0,0,0,0,0
correlated,0,15,central-latest,0,1,1,0,0
correlated,0,15,local-only,0,0,0,0,0
correlated,0,15,last-observation,0,0,0,0,0
correlated,0,15,generation-cache,0,0,0,0,0
correlated,0,15,intersection-only,0,0,0,0,0
correlated,0,15,fresh-read,0,0,0,0,0
correlated,0,15,guarded,0,0,0,0,0
correlated,0,16,central-latest,0,1,1,0,0
correlated,0,16,local-only,0,0,0,0,0
correlated,0,16,last-observation,0,0,0,0,0
correlated,0,16,generation-cache,0,0,0,0,0
correlated,0,16,intersection-only,0,0,0,0,0
correlated,0,16,fresh-read,0,0,0,0,0
correlated,0,16,guarded,0,0,0,0,0
correlated,0,17,central-latest,0,1,1,0,0
correlated,0,17,local-only,0,0,0,0,0
correlated,0,17,last-observation,0,0,0,0,0
correlated,0,17,generation-cache,0,0,0,0,0
correlated,0,17,intersection-only,0,0,0,0,0
correlated,0,17,fresh-read,0,0,0,0,0
correlated,0,17,guarded,0,0,0,0,0
correlated,0,18,central-latest,1,1,0,0,0
correlated,0,18,local-only,1,1,0,0,0
correlated,0,18,last-observation,1,1,0,0,0
correlated,0,18,generation-cache,1,1,0,0,0
correlated,0,18,intersection-only,1,1,0,0,0
correlated,0,18,fresh-read,1,1,0,0,0
correlated,0,18,guarded,1,1,0,0,0
correlated,0,19,central-latest,0,1,1,0,0
correlated,0,19,local-only,0,1,1,0,0
correlated,0,19,last-observation,0,0,0,0,0
correlated,0,19,generation-cache,0,0,0,0,0
correlated,0,19,intersection-only,0,0,0,0,0
correlated,0,19,fresh-read,0,0,0,0,0
correlated,0,19,guarded,0,0,0,0,0
correlated,0,20,central-latest,0,1,1,0,0
correlated,0,20,local-only,0,1,1,0,0
correlated,0,20,last-observation,0,1,1,0,0
correlated,0,20,generation-cache,0,0,0,0,0
correlated,0,20,intersection-only,0,0,0,0,0
correlated,0,20,fresh-read,0,0,0,0,0
correlated,0,20,guarded,0,0,0,0,0
correlated,0,21,central-latest,1,1,0,0,0
correlated,0,21,local-only,1,1,0,0,0
correlated,0,21,last-observation,1,1,0,0,0
correlated,0,21,generation-cache,1,1,0,0,0
correlated,0,21,intersection-only,1,1,0,0,0
correlated,0,21,fresh-read,1,1,0,0,0
correlated,0,21,guarded,1,1,0,0,0
correlated,0,22,central-latest,0,1,1,0,0
correlated,0,22,local-only,0,0,0,0,0
correlated,0,22,last-observation,0,0,0,0,0
correlated,0,22,generation-cache,0,0,0,0,0
correlated,0,22,intersection-only,0,0,0,0,0
correlated,0,22,fresh-read,0,0,0,0,0
correlated,0,22,guarded,0,0,0,0,0
correlated,0,23,central-latest,0,1,1,0,0
correlated,0,23,local-only,0,0,0,0,0
correlated,0,23,last-observation,0,0,0,0,0
correlated,0,23,generation-cache,0,0,0,0,0
correlated,0,23,intersection-only,0,0,0,0,0
correlated,0,23,fresh-read,0,0,0,0,0
correlated,0,23,guarded,0,0,0,0,0
correlated,1,0,central-latest,0,1,1,0,0
correlated,1,0,local-only,0,0,0,0,0
correlated,1,0,last-observation,0,0,0,0,0
correlated,1,0,generation-cache,0,0,0,0,0
correlated,1,0,intersection-only,0,0,0,0,0
correlated,1,0,fresh-read,0,0,0,0,0
correlated,1,0,guarded,0,0,0,0,0
correlated,1,1,central-latest,0,1,1,0,0
correlated,1,1,local-only,0,0,0,0,0
correlated,1,1,last-observation,0,0,0,0,0
correlated,1,1,generation-cache,0,0,0,0,0
correlated,1,1,intersection-only,0,0,0,0,0
correlated,1,1,fresh-read,0,0,0,0,0
correlated,1,1,guarded,0,0,0,0,0
correlated,1,2,central-latest,0,1,1,0,0
correlated,1,2,local-only,0,0,0,0,0
correlated,1,2,last-observation,0,0,0,0,0
correlated,1,2,generation-cache,0,0,0,0,0
correlated,1,2,intersection-only,0,0,0,0,0
correlated,1,2,fresh-read,0,0,0,0,0
correlated,1,2,guarded,0,0,0,0,0
correlated,1,3,central-latest,0,1,1,0,1
correlated,1,3,local-only,0,0,0,0,1
correlated,1,3,last-observation,0,0,0,0,1
correlated,1,3,generation-cache,0,0,0,0,1
correlated,1,3,intersection-only,0,0,0,0,1
correlated,1,3,fresh-read,0,0,0,0,1
correlated,1,3,guarded,0,0,0,0,1
correlated,1,4,central-latest,0,1,1,0,1
correlated,1,4,local-only,0,0,0,0,1
correlated,1,4,last-observation,0,0,0,0,1
correlated,1,4,generation-cache,0,0,0,0,1
correlated,1,4,intersection-only,0,0,0,0,1
correlated,1,4,fresh-read,0,0,0,0,1
correlated,1,4,guarded,0,0,0,0,1
correlated,1,5,central-latest,0,1,1,0,1
correlated,1,5,local-only,0,0,0,0,1
correlated,1,5,last-observation,0,0,0,0,1
correlated,1,5,generation-cache,0,0,0,0,1
correlated,1,5,intersection-only,0,0,0,0,1
correlated,1,5,fresh-read,0,0,0,0,1
correlated,1,5,guarded,0,0,0,0,1
correlated,1,6,central-latest,0,1,1,0,1
correlated,1,6,local-only,0,0,0,0,1
correlated,1,6,last-observation,0,0,0,0,1
correlated,1,6,generation-cache,0,0,0,0,1
correlated,1,6,intersection-only,0,0,0,0,1
correlated,1,6,fresh-read,0,0,0,0,1
correlated,1,6,guarded,0,0,0,0,1
correlated,1,7,central-latest,1,1,0,0,1
correlated,1,7,local-only,1,1,0,0,1
correlated,1,7,last-observation,1,1,0,0,1
correlated,1,7,generation-cache,1,1,0,0,1
correlated,1,7,intersection-only,1,1,0,0,1
correlated,1,7,fresh-read,1,0,0,1,1
correlated,1,7,guarded,1,0,0,1,1
correlated,1,8,central-latest,1,1,0,0,1
correlated,1,8,local-only,1,1,0,0,1
correlated,1,8,last-observation,1,1,0,0,1
correlated,1,8,generation-cache,1,1,0,0,1
correlated,1,8,intersection-only,1,1,0,0,1
correlated,1,8,fresh-read,1,0,0,1,1
correlated,1,8,guarded,1,0,0,1,1
correlated,1,9,central-latest,0,1,1,0,1
correlated,1,9,local-only,0,1,1,0,1
correlated,1,9,last-observation,0,0,0,0,1
correlated,1,9,generation-cache,0,0,0,0,1
correlated,1,9,intersection-only,0,0,0,0,1
correlated,1,9,fresh-read,0,0,0,0,1
correlated,1,9,guarded,0,0,0,0,1
correlated,1,10,central-latest,0,1,1,0,1
correlated,1,10,local-only,0,0,0,0,1
correlated,1,10,last-observation,0,0,0,0,1
correlated,1,10,generation-cache,0,0,0,0,1
correlated,1,10,intersection-only,0,0,0,0,1
correlated,1,10,fresh-read,0,0,0,0,1
correlated,1,10,guarded,0,0,0,0,1
correlated,1,11,central-latest,0,1,1,0,1
correlated,1,11,local-only,0,0,0,0,1
correlated,1,11,last-observation,0,0,0,0,1
correlated,1,11,generation-cache,0,0,0,0,1
correlated,1,11,intersection-only,0,0,0,0,1
correlated,1,11,fresh-read,0,0,0,0,1
correlated,1,11,guarded,0,0,0,0,1
correlated,1,12,central-latest,0,1,1,0,1
correlated,1,12,local-only,0,0,0,0,1
correlated,1,12,last-observation,0,0,0,0,1
correlated,1,12,generation-cache,0,0,0,0,1
correlated,1,12,intersection-only,0,0,0,0,1
correlated,1,12,fresh-read,0,0,0,0,1
correlated,1,12,guarded,0,0,0,0,1
correlated,1,13,central-latest,0,1,1,0,1
correlated,1,13,local-only,0,0,0,0,1
correlated,1,13,last-observation,0,0,0,0,1
correlated,1,13,generation-cache,0,0,0,0,1
correlated,1,13,intersection-only,0,0,0,0,1
correlated,1,13,fresh-read,0,0,0,0,1
correlated,1,13,guarded,0,0,0,0,1
correlated,1,14,central-latest,0,1,1,0,0
correlated,1,14,local-only,0,1,1,0,0
correlated,1,14,last-observation,0,1,1,0,0
correlated,1,14,generation-cache,0,1,1,0,0
correlated,1,14,intersection-only,0,1,1,0,0
correlated,1,14,fresh-read,0,0,0,0,0
correlated,1,14,guarded,0,0,0,0,0
correlated,1,15,central-latest,1,1,0,0,0
correlated,1,15,local-only,1,1,0,0,0
correlated,1,15,last-observation,1,1,0,0,0
correlated,1,15,generation-cache,1,1,0,0,0
correlated,1,15,intersection-only,1,1,0,0,0
correlated,1,15,fresh-read,1,1,0,0,0
correlated,1,15,guarded,1,1,0,0,0
correlated,1,16,central-latest,1,1,0,0,0
correlated,1,16,local-only,1,1,0,0,0
correlated,1,16,last-observation,1,1,0,0,0
correlated,1,16,generation-cache,1,1,0,0,0
correlated,1,16,intersection-only,1,1,0,0,0
correlated,1,16,fresh-read,1,1,0,0,0
correlated,1,16,guarded,1,1,0,0,0
correlated,1,17,central-latest,1,1,0,0,0
correlated,1,17,local-only,1,1,0,0,0
correlated,1,17,last-observation,1,1,0,0,0
correlated,1,17,generation-cache,1,1,0,0,0
correlated,1,17,intersection-only,1,1,0,0,0
correlated,1,17,fresh-read,1,1,0,0,0
correlated,1,17,guarded,1,1,0,0,0
correlated,1,18,central-latest,0,1,1,0,0
correlated,1,18,local-only,0,1,1,0,0
correlated,1,18,last-observation,0,0,0,0,0
correlated,1,18,generation-cache,0,0,0,0,0
correlated,1,18,intersection-only,0,0,0,0,0
correlated,1,18,fresh-read,0,0,0,0,0
correlated,1,18,guarded,0,0,0,0,0
correlated,1,19,central-latest,0,1,1,0,0
correlated,1,19,local-only,0,1,1,0,0
correlated,1,19,last-observation,0,0,0,0,0
correlated,1,19,generation-cache,0,0,0,0,0
correlated,1,19,intersection-only,0,0,0,0,0
correlated,1,19,fresh-read,0,0,0,0,0
correlated,1,19,guarded,0,0,0,0,0
correlated,1,20,central-latest,0,1,1,0,0
correlated,1,20,local-only,0,1,1,0,0
correlated,1,20,last-observation,0,0,0,0,0
correlated,1,20,generation-cache,0,0,0,0,0
correlated,1,20,intersection-only,0,0,0,0,0
correlated,1,20,fresh-read,0,0,0,0,0
correlated,1,20,guarded,0,0,0,0,0
correlated,1,21,central-latest,0,1,1,0,0
correlated,1,21,local-only,0,1,1,0,0
correlated,1,21,last-observation,0,0,0,0,0
correlated,1,21,generation-cache,0,0,0,0,0
correlated,1,21,intersection-only,0,0,0,0,0
correlated,1,21,fresh-read,0,0,0,0,0
correlated,1,21,guarded,0,0,0,0,0
correlated,1,22,central-latest,0,1,1,0,0
correlated,1,22,local-only,0,1,1,0,0
correlated,1,22,last-observation,0,0,0,0,0
correlated,1,22,generation-cache,0,0,0,0,0
correlated,1,22,intersection-only,0,0,0,0,0
correlated,1,22,fresh-read,0,0,0,0,0
correlated,1,22,guarded,0,0,0,0,0
correlated,1,23,central-latest,1,1,0,0,0
correlated,1,23,local-only,1,1,0,0,0
correlated,1,23,last-observation,1,0,0,1,0
correlated,1,23,generation-cache,1,0,0,1,0
correlated,1,23,intersection-only,1,0,0,1,0
correlated,1,23,fresh-read,1,1,0,0,0
correlated,1,23,guarded,1,1,0,0,0
correlated,2,0,central-latest,0,1,1,0,0
correlated,2,0,local-only,0,0,0,0,0
correlated,2,0,last-observation,0,0,0,0,0
correlated,2,0,generation-cache,0,0,0,0,0
correlated,2,0,intersection-only,0,0,0,0,0
correlated,2,0,fresh-read,0,0,0,0,0
correlated,2,0,guarded,0,0,0,0,0
correlated,2,1,central-latest,0,1,1,0,0
correlated,2,1,local-only,0,1,1,0,0
correlated,2,1,last-observation,0,0,0,0,0
correlated,2,1,generation-cache,0,0,0,0,0
correlated,2,1,intersection-only,0,0,0,0,0
correlated,2,1,fresh-read,0,0,0,0,0
correlated,2,1,guarded,0,0,0,0,0
correlated,2,2,central-latest,0,1,1,0,0
correlated,2,2,local-only,0,1,1,0,0
correlated,2,2,last-observation,0,0,0,0,0
correlated,2,2,generation-cache,0,0,0,0,0
correlated,2,2,intersection-only,0,0,0,0,0
correlated,2,2,fresh-read,0,0,0,0,0
correlated,2,2,guarded,0,0,0,0,0
correlated,2,3,central-latest,0,1,1,0,1
correlated,2,3,local-only,0,1,1,0,1
correlated,2,3,last-observation,0,0,0,0,1
correlated,2,3,generation-cache,0,0,0,0,1
correlated,2,3,intersection-only,0,0,0,0,1
correlated,2,3,fresh-read,0,0,0,0,1
correlated,2,3,guarded,0,0,0,0,1
correlated,2,4,central-latest,1,1,0,0,1
correlated,2,4,local-only,1,1,0,0,1
correlated,2,4,last-observation,1,1,0,0,1
correlated,2,4,generation-cache,1,1,0,0,1
correlated,2,4,intersection-only,1,1,0,0,1
correlated,2,4,fresh-read,1,0,0,1,1
correlated,2,4,guarded,1,0,0,1,1
correlated,2,5,central-latest,1,1,0,0,1
correlated,2,5,local-only,1,1,0,0,1
correlated,2,5,last-observation,1,1,0,0,1
correlated,2,5,generation-cache,1,1,0,0,1
correlated,2,5,intersection-only,1,1,0,0,1
correlated,2,5,fresh-read,1,0,0,1,1
correlated,2,5,guarded,1,0,0,1,1
correlated,2,6,central-latest,1,1,0,0,1
correlated,2,6,local-only,1,1,0,0,1
correlated,2,6,last-observation,1,1,0,0,1
correlated,2,6,generation-cache,1,1,0,0,1
correlated,2,6,intersection-only,1,1,0,0,1
correlated,2,6,fresh-read,1,0,0,1,1
correlated,2,6,guarded,1,0,0,1,1
correlated,2,7,central-latest,0,1,1,0,1
correlated,2,7,local-only,0,1,1,0,1
correlated,2,7,last-observation,0,1,1,0,1
correlated,2,7,generation-cache,0,1,1,0,1
correlated,2,7,intersection-only,0,1,1,0,1
correlated,2,7,fresh-read,0,0,0,0,1
correlated,2,7,guarded,0,0,0,0,1
correlated,2,8,central-latest,0,1,1,0,1
correlated,2,8,local-only,0,1,1,0,1
correlated,2,8,last-observation,0,0,0,0,1
correlated,2,8,generation-cache,0,0,0,0,1
correlated,2,8,intersection-only,0,0,0,0,1
correlated,2,8,fresh-read,0,0,0,0,1
correlated,2,8,guarded,0,0,0,0,1
correlated,2,9,central-latest,1,1,0,0,1
correlated,2,9,local-only,1,1,0,0,1
correlated,2,9,last-observation,1,0,0,1,1
correlated,2,9,generation-cache,1,0,0,1,1
correlated,2,9,intersection-only,1,0,0,1,1
correlated,2,9,fresh-read,1,0,0,1,1
correlated,2,9,guarded,1,0,0,1,1
correlated,2,10,central-latest,1,1,0,0,1
correlated,2,10,local-only,1,1,0,0,1
correlated,2,10,last-observation,1,0,0,1,1
correlated,2,10,generation-cache,1,0,0,1,1
correlated,2,10,intersection-only,1,0,0,1,1
correlated,2,10,fresh-read,1,0,0,1,1
correlated,2,10,guarded,1,0,0,1,1
correlated,2,11,central-latest,1,1,0,0,1
correlated,2,11,local-only,1,1,0,0,1
correlated,2,11,last-observation,1,1,0,0,1
correlated,2,11,generation-cache,1,1,0,0,1
correlated,2,11,intersection-only,1,1,0,0,1
correlated,2,11,fresh-read,1,0,0,1,1
correlated,2,11,guarded,1,0,0,1,1
correlated,2,12,central-latest,1,1,0,0,1
correlated,2,12,local-only,1,1,0,0,1
correlated,2,12,last-observation,1,1,0,0,1
correlated,2,12,generation-cache,1,1,0,0,1
correlated,2,12,intersection-only,1,1,0,0,1
correlated,2,12,fresh-read,1,0,0,1,1
correlated,2,12,guarded,1,0,0,1,1
correlated,2,13,central-latest,1,1,0,0,1
correlated,2,13,local-only,1,1,0,0,1
correlated,2,13,last-observation,1,1,0,0,1
correlated,2,13,generation-cache,1,1,0,0,1
correlated,2,13,intersection-only,1,1,0,0,1
correlated,2,13,fresh-read,1,0,0,1,1
correlated,2,13,guarded,1,0,0,1,1
correlated,2,14,central-latest,1,1,0,0,0
correlated,2,14,local-only,1,1,0,0,0
correlated,2,14,last-observation,1,1,0,0,0
correlated,2,14,generation-cache,1,1,0,0,0
correlated,2,14,intersection-only,1,1,0,0,0
correlated,2,14,fresh-read,1,1,0,0,0
correlated,2,14,guarded,1,1,0,0,0
correlated,2,15,central-latest,0,1,1,0,0
correlated,2,15,local-only,0,1,1,0,0
correlated,2,15,last-observation,0,0,0,0,0
correlated,2,15,generation-cache,0,0,0,0,0
correlated,2,15,intersection-only,0,0,0,0,0
correlated,2,15,fresh-read,0,0,0,0,0
correlated,2,15,guarded,0,0,0,0,0
correlated,2,16,central-latest,1,1,0,0,0
correlated,2,16,local-only,1,1,0,0,0
correlated,2,16,last-observation,1,1,0,0,0
correlated,2,16,generation-cache,1,1,0,0,0
correlated,2,16,intersection-only,1,1,0,0,0
correlated,2,16,fresh-read,1,1,0,0,0
correlated,2,16,guarded,1,1,0,0,0
correlated,2,17,central-latest,1,1,0,0,0
correlated,2,17,local-only,1,1,0,0,0
correlated,2,17,last-observation,1,1,0,0,0
correlated,2,17,generation-cache,1,1,0,0,0
correlated,2,17,intersection-only,1,1,0,0,0
correlated,2,17,fresh-read,1,1,0,0,0
correlated,2,17,guarded,1,1,0,0,0
correlated,2,18,central-latest,1,1,0,0,0
correlated,2,18,local-only,1,1,0,0,0
correlated,2,18,last-observation,1,1,0,0,0
correlated,2,18,generation-cache,1,1,0,0,0
correlated,2,18,intersection-only,1,1,0,0,0
correlated,2,18,fresh-read,1,1,0,0,0
correlated,2,18,guarded,1,1,0,0,0
correlated,2,19,central-latest,1,1,0,0,0
correlated,2,19,local-only,1,1,0,0,0
correlated,2,19,last-observation,1,1,0,0,0
correlated,2,19,generation-cache,1,1,0,0,0
correlated,2,19,intersection-only,1,1,0,0,0
correlated,2,19,fresh-read,1,1,0,0,0
correlated,2,19,guarded,1,1,0,0,0
correlated,2,20,central-latest,1,1,0,0,0
correlated,2,20,local-only,1,1,0,0,0
correlated,2,20,last-observation,1,1,0,0,0
correlated,2,20,generation-cache,1,1,0,0,0
correlated,2,20,intersection-only,1,1,0,0,0
correlated,2,20,fresh-read,1,1,0,0,0
correlated,2,20,guarded,1,1,0,0,0
correlated,2,21,central-latest,1,1,0,0,0
correlated,2,21,local-only,1,1,0,0,0
correlated,2,21,last-observation,1,1,0,0,0
correlated,2,21,generation-cache,1,1,0,0,0
correlated,2,21,intersection-only,1,1,0,0,0
correlated,2,21,fresh-read,1,1,0,0,0
correlated,2,21,guarded,1,1,0,0,0
correlated,2,22,central-latest,1,1,0,0,0
correlated,2,22,local-only,1,1,0,0,0
correlated,2,22,last-observation,1,1,0,0,0
correlated,2,22,generation-cache,1,1,0,0,0
correlated,2,22,intersection-only,1,1,0,0,0
correlated,2,22,fresh-read,1,1,0,0,0
correlated,2,22,guarded,1,1,0,0,0
correlated,2,23,central-latest,1,1,0,0,0
correlated,2,23,local-only,1,1,0,0,0
correlated,2,23,last-observation,1,1,0,0,0
correlated,2,23,generation-cache,1,1,0,0,0
correlated,2,23,intersection-only,1,1,0,0,0
correlated,2,23,fresh-read,1,1,0,0,0
correlated,2,23,guarded,1,1,0,0,0
correlated,3,0,central-latest,1,1,0,0,0
correlated,3,0,local-only,1,1,0,0,0
correlated,3,0,last-observation,1,1,0,0,0
correlated,3,0,generation-cache,1,1,0,0,0
correlated,3,0,intersection-only,1,1,0,0,0
correlated,3,0,fresh-read,1,1,0,0,0
correlated,3,0,guarded,1,1,0,0,0
correlated,3,1,central-latest,1,1,0,0,0
correlated,3,1,local-only,1,1,0,0,0
correlated,3,1,last-observation,1,1,0,0,0
correlated,3,1,generation-cache,1,1,0,0,0
correlated,3,1,intersection-only,1,1,0,0,0
correlated,3,1,fresh-read,1,1,0,0,0
correlated,3,1,guarded,1,1,0,0,0
correlated,3,2,central-latest,0,1,1,0,0
correlated,3,2,local-only,0,0,0,0,0
correlated,3,2,last-observation,0,0,0,0,0
correlated,3,2,generation-cache,0,0,0,0,0
correlated,3,2,intersection-only,0,0,0,0,0
correlated,3,2,fresh-read,0,0,0,0,0
correlated,3,2,guarded,0,0,0,0,0
correlated,3,3,central-latest,0,1,1,0,1
correlated,3,3,local-only,0,0,0,0,1
correlated,3,3,last-observation,0,0,0,0,1
correlated,3,3,generation-cache,0,0,0,0,1
correlated,3,3,intersection-only,0,0,0,0,1
correlated,3,3,fresh-read,0,0,0,0,1
correlated,3,3,guarded,0,0,0,0,1
correlated,3,4,central-latest,0,1,1,0,1
correlated,3,4,local-only,0,1,1,0,1
correlated,3,4,last-observation,0,1,1,0,1
correlated,3,4,generation-cache,0,1,1,0,1
correlated,3,4,intersection-only,0,1,1,0,1
correlated,3,4,fresh-read,0,0,0,0,1
correlated,3,4,guarded,0,0,0,0,1
correlated,3,5,central-latest,1,1,0,0,1
correlated,3,5,local-only,1,1,0,0,1
correlated,3,5,last-observation,1,1,0,0,1
correlated,3,5,generation-cache,1,1,0,0,1
correlated,3,5,intersection-only,1,1,0,0,1
correlated,3,5,fresh-read,1,0,0,1,1
correlated,3,5,guarded,1,0,0,1,1
correlated,3,6,central-latest,1,1,0,0,1
correlated,3,6,local-only,1,1,0,0,1
correlated,3,6,last-observation,1,1,0,0,1
correlated,3,6,generation-cache,1,1,0,0,1
correlated,3,6,intersection-only,1,1,0,0,1
correlated,3,6,fresh-read,1,0,0,1,1
correlated,3,6,guarded,1,0,0,1,1
correlated,3,7,central-latest,1,1,0,0,1
correlated,3,7,local-only,1,1,0,0,1
correlated,3,7,last-observation,1,1,0,0,1
correlated,3,7,generation-cache,1,1,0,0,1
correlated,3,7,intersection-only,1,1,0,0,1
correlated,3,7,fresh-read,1,0,0,1,1
correlated,3,7,guarded,1,0,0,1,1
correlated,3,8,central-latest,0,1,1,0,1
correlated,3,8,local-only,0,1,1,0,1
correlated,3,8,last-observation,0,1,1,0,1
correlated,3,8,generation-cache,0,1,1,0,1
correlated,3,8,intersection-only,0,1,1,0,1
correlated,3,8,fresh-read,0,0,0,0,1
correlated,3,8,guarded,0,0,0,0,1
correlated,3,9,central-latest,0,1,1,0,1
correlated,3,9,local-only,0,1,1,0,1
correlated,3,9,last-observation,0,1,1,0,1
correlated,3,9,generation-cache,0,1,1,0,1
correlated,3,9,intersection-only,0,1,1,0,1
correlated,3,9,fresh-read,0,0,0,0,1
correlated,3,9,guarded,0,0,0,0,1
correlated,3,10,central-latest,0,1,1,0,1
correlated,3,10,local-only,0,1,1,0,1
correlated,3,10,last-observation,0,0,0,0,1
correlated,3,10,generation-cache,0,0,0,0,1
correlated,3,10,intersection-only,0,0,0,0,1
correlated,3,10,fresh-read,0,0,0,0,1
correlated,3,10,guarded,0,0,0,0,1
correlated,3,11,central-latest,0,1,1,0,1
correlated,3,11,local-only,0,1,1,0,1
correlated,3,11,last-observation,0,0,0,0,1
correlated,3,11,generation-cache,0,0,0,0,1
correlated,3,11,intersection-only,0,0,0,0,1
correlated,3,11,fresh-read,0,0,0,0,1
correlated,3,11,guarded,0,0,0,0,1
correlated,3,12,central-latest,1,1,0,0,1
correlated,3,12,local-only,1,1,0,0,1
correlated,3,12,last-observation,1,0,0,1,1
correlated,3,12,generation-cache,1,0,0,1,1
correlated,3,12,intersection-only,1,0,0,1,1
correlated,3,12,fresh-read,1,0,0,1,1
correlated,3,12,guarded,1,0,0,1,1
correlated,3,13,central-latest,1,1,0,0,1
correlated,3,13,local-only,1,1,0,0,1
correlated,3,13,last-observation,1,0,0,1,1
correlated,3,13,generation-cache,1,0,0,1,1
correlated,3,13,intersection-only,1,0,0,1,1
correlated,3,13,fresh-read,1,0,0,1,1
correlated,3,13,guarded,1,0,0,1,1
correlated,3,14,central-latest,0,1,1,0,0
correlated,3,14,local-only,0,1,1,0,0
correlated,3,14,last-observation,0,0,0,0,0
correlated,3,14,generation-cache,0,0,0,0,0
correlated,3,14,intersection-only,0,0,0,0,0
correlated,3,14,fresh-read,0,0,0,0,0
correlated,3,14,guarded,0,0,0,0,0
correlated,3,15,central-latest,0,1,1,0,0
correlated,3,15,local-only,0,1,1,0,0
correlated,3,15,last-observation,0,0,0,0,0
correlated,3,15,generation-cache,0,0,0,0,0
correlated,3,15,intersection-only,0,0,0,0,0
correlated,3,15,fresh-read,0,0,0,0,0
correlated,3,15,guarded,0,0,0,0,0
correlated,3,16,central-latest,0,1,1,0,0
correlated,3,16,local-only,0,1,1,0,0
correlated,3,16,last-observation,0,1,1,0,0
correlated,3,16,generation-cache,0,0,0,0,0
correlated,3,16,intersection-only,0,0,0,0,0
correlated,3,16,fresh-read,0,0,0,0,0
correlated,3,16,guarded,0,0,0,0,0
correlated,3,17,central-latest,1,1,0,0,0
correlated,3,17,local-only,1,1,0,0,0
correlated,3,17,last-observation,1,1,0,0,0
correlated,3,17,generation-cache,1,0,0,1,0
correlated,3,17,intersection-only,1,0,0,1,0
correlated,3,17,fresh-read,1,1,0,0,0
correlated,3,17,guarded,1,1,0,0,0
correlated,3,18,central-latest,1,1,0,0,0
correlated,3,18,local-only,1,1,0,0,0
correlated,3,18,last-observation,1,1,0,0,0
correlated,3,18,generation-cache,1,1,0,0,0
correlated,3,18,intersection-only,1,1,0,0,0
correlated,3,18,fresh-read,1,1,0,0,0
correlated,3,18,guarded,1,1,0,0,0
correlated,3,19,central-latest,1,1,0,0,0
correlated,3,19,local-only,1,1,0,0,0
correlated,3,19,last-observation,1,1,0,0,0
correlated,3,19,generation-cache,1,1,0,0,0
correlated,3,19,intersection-only,1,1,0,0,0
correlated,3,19,fresh-read,1,1,0,0,0
correlated,3,19,guarded,1,1,0,0,0
correlated,3,20,central-latest,0,1,1,0,0
correlated,3,20,local-only,0,1,1,0,0
correlated,3,20,last-observation,0,1,1,0,0
correlated,3,20,generation-cache,0,1,1,0,0
correlated,3,20,intersection-only,0,1,1,0,0
correlated,3,20,fresh-read,0,0,0,0,0
correlated,3,20,guarded,0,0,0,0,0
correlated,3,21,central-latest,1,1,0,0,0
correlated,3,21,local-only,1,1,0,0,0
correlated,3,21,last-observation,1,1,0,0,0
correlated,3,21,generation-cache,1,1,0,0,0
correlated,3,21,intersection-only,1,1,0,0,0
correlated,3,21,fresh-read,1,1,0,0,0
correlated,3,21,guarded,1,1,0,0,0
correlated,3,22,central-latest,0,1,1,0,0
correlated,3,22,local-only,0,1,1,0,0
correlated,3,22,last-observation,0,1,1,0,0
correlated,3,22,generation-cache,0,1,1,0,0
correlated,3,22,intersection-only,0,1,1,0,0
correlated,3,22,fresh-read,0,0,0,0,0
correlated,3,22,guarded,0,0,0,0,0
correlated,3,23,central-latest,1,1,0,0,0
correlated,3,23,local-only,1,1,0,0,0
correlated,3,23,last-observation,1,1,0,0,0
correlated,3,23,generation-cache,1,1,0,0,0
correlated,3,23,intersection-only,1,1,0,0,0
correlated,3,23,fresh-read,1,1,0,0,0
correlated,3,23,guarded,1,1,0,0,0
correlated,4,0,central-latest,0,1,1,0,0
correlated,4,0,local-only,0,1,1,0,0
correlated,4,0,last-observation,0,0,0,0,0
correlated,4,0,generation-cache,0,0,0,0,0
correlated,4,0,intersection-only,0,0,0,0,0
correlated,4,0,fresh-read,0,0,0,0,0
correlated,4,0,guarded,0,0,0,0,0
correlated,4,1,central-latest,1,1,0,0,0
correlated,4,1,local-only,1,1,0,0,0
correlated,4,1,last-observation,1,1,0,0,0
correlated,4,1,generation-cache,1,1,0,0,0
correlated,4,1,intersection-only,1,1,0,0,0
correlated,4,1,fresh-read,1,1,0,0,0
correlated,4,1,guarded,1,1,0,0,0
correlated,4,2,central-latest,1,1,0,0,0
correlated,4,2,local-only,1,1,0,0,0
correlated,4,2,last-observation,1,1,0,0,0
correlated,4,2,generation-cache,1,1,0,0,0
correlated,4,2,intersection-only,1,1,0,0,0
correlated,4,2,fresh-read,1,1,0,0,0
correlated,4,2,guarded,1,1,0,0,0
correlated,4,3,central-latest,0,1,1,0,1
correlated,4,3,local-only,0,0,0,0,1
correlated,4,3,last-observation,0,0,0,0,1
correlated,4,3,generation-cache,0,0,0,0,1
correlated,4,3,intersection-only,0,0,0,0,1
correlated,4,3,fresh-read,0,0,0,0,1
correlated,4,3,guarded,0,0,0,0,1
correlated,4,4,central-latest,1,1,0,0,1
correlated,4,4,local-only,1,1,0,0,1
correlated,4,4,last-observation,1,1,0,0,1
correlated,4,4,generation-cache,1,1,0,0,1
correlated,4,4,intersection-only,1,1,0,0,1
correlated,4,4,fresh-read,1,0,0,1,1
correlated,4,4,guarded,1,0,0,1,1
correlated,4,5,central-latest,0,1,1,0,1
correlated,4,5,local-only,0,1,1,0,1
correlated,4,5,last-observation,0,1,1,0,1
correlated,4,5,generation-cache,0,1,1,0,1
correlated,4,5,intersection-only,0,1,1,0,1
correlated,4,5,fresh-read,0,0,0,0,1
correlated,4,5,guarded,0,0,0,0,1
correlated,4,6,central-latest,0,1,1,0,1
correlated,4,6,local-only,0,1,1,0,1
correlated,4,6,last-observation,0,0,0,0,1
correlated,4,6,generation-cache,0,0,0,0,1
correlated,4,6,intersection-only,0,0,0,0,1
correlated,4,6,fresh-read,0,0,0,0,1
correlated,4,6,guarded,0,0,0,0,1
correlated,4,7,central-latest,0,1,1,0,1
correlated,4,7,local-only,0,1,1,0,1
correlated,4,7,last-observation,0,0,0,0,1
correlated,4,7,generation-cache,0,0,0,0,1
correlated,4,7,intersection-only,0,0,0,0,1
correlated,4,7,fresh-read,0,0,0,0,1
correlated,4,7,guarded,0,0,0,0,1
correlated,4,8,central-latest,0,1,1,0,1
correlated,4,8,local-only,0,1,1,0,1
correlated,4,8,last-observation,0,0,0,0,1
correlated,4,8,generation-cache,0,0,0,0,1
correlated,4,8,intersection-only,0,0,0,0,1
correlated,4,8,fresh-read,0,0,0,0,1
correlated,4,8,guarded,0,0,0,0,1
correlated,4,9,central-latest,0,1,1,0,1
correlated,4,9,local-only,0,0,0,0,1
correlated,4,9,last-observation,0,0,0,0,1
correlated,4,9,generation-cache,0,0,0,0,1
correlated,4,9,intersection-only,0,0,0,0,1
correlated,4,9,fresh-read,0,0,0,0,1
correlated,4,9,guarded,0,0,0,0,1
correlated,4,10,central-latest,0,1,1,0,1
correlated,4,10,local-only,0,0,0,0,1
correlated,4,10,last-observation,0,0,0,0,1
correlated,4,10,generation-cache,0,0,0,0,1
correlated,4,10,intersection-only,0,0,0,0,1
correlated,4,10,fresh-read,0,0,0,0,1
correlated,4,10,guarded,0,0,0,0,1
correlated,4,11,central-latest,0,1,1,0,1
correlated,4,11,local-only,0,1,1,0,1
correlated,4,11,last-observation,0,1,1,0,1
correlated,4,11,generation-cache,0,1,1,0,1
correlated,4,11,intersection-only,0,1,1,0,1
correlated,4,11,fresh-read,0,0,0,0,1
correlated,4,11,guarded,0,0,0,0,1
correlated,4,12,central-latest,0,1,1,0,1
correlated,4,12,local-only,0,1,1,0,1
correlated,4,12,last-observation,0,1,1,0,1
correlated,4,12,generation-cache,0,1,1,0,1
correlated,4,12,intersection-only,0,1,1,0,1
correlated,4,12,fresh-read,0,0,0,0,1
correlated,4,12,guarded,0,0,0,0,1
correlated,4,13,central-latest,0,1,1,0,1
correlated,4,13,local-only,0,1,1,0,1
correlated,4,13,last-observation,0,1,1,0,1
correlated,4,13,generation-cache,0,1,1,0,1
correlated,4,13,intersection-only,0,1,1,0,1
correlated,4,13,fresh-read,0,0,0,0,1
correlated,4,13,guarded,0,0,0,0,1
correlated,4,14,central-latest,1,1,0,0,0
correlated,4,14,local-only,1,1,0,0,0
correlated,4,14,last-observation,1,1,0,0,0
correlated,4,14,generation-cache,1,1,0,0,0
correlated,4,14,intersection-only,1,1,0,0,0
correlated,4,14,fresh-read,1,1,0,0,0
correlated,4,14,guarded,1,1,0,0,0
correlated,4,15,central-latest,1,1,0,0,0
correlated,4,15,local-only,1,1,0,0,0
correlated,4,15,last-observation,1,1,0,0,0
correlated,4,15,generation-cache,1,1,0,0,0
correlated,4,15,intersection-only,1,1,0,0,0
correlated,4,15,fresh-read,1,1,0,0,0
correlated,4,15,guarded,1,1,0,0,0
correlated,4,16,central-latest,1,1,0,0,0
correlated,4,16,local-only,1,1,0,0,0
correlated,4,16,last-observation,1,1,0,0,0
correlated,4,16,generation-cache,1,1,0,0,0
correlated,4,16,intersection-only,1,1,0,0,0
correlated,4,16,fresh-read,1,1,0,0,0
correlated,4,16,guarded,1,1,0,0,0
correlated,4,17,central-latest,0,1,1,0,0
correlated,4,17,local-only,0,1,1,0,0
correlated,4,17,last-observation,0,1,1,0,0
correlated,4,17,generation-cache,0,1,1,0,0
correlated,4,17,intersection-only,0,1,1,0,0
correlated,4,17,fresh-read,0,0,0,0,0
correlated,4,17,guarded,0,0,0,0,0
correlated,4,18,central-latest,0,1,1,0,0
correlated,4,18,local-only,0,1,1,0,0
correlated,4,18,last-observation,0,0,0,0,0
correlated,4,18,generation-cache,0,0,0,0,0
correlated,4,18,intersection-only,0,0,0,0,0
correlated,4,18,fresh-read,0,0,0,0,0
correlated,4,18,guarded,0,0,0,0,0
correlated,4,19,central-latest,1,1,0,0,0
correlated,4,19,local-only,1,1,0,0,0
correlated,4,19,last-observation,1,0,0,1,0
correlated,4,19,generation-cache,1,0,0,1,0
correlated,4,19,intersection-only,1,0,0,1,0
correlated,4,19,fresh-read,1,1,0,0,0
correlated,4,19,guarded,1,1,0,0,0
correlated,4,20,central-latest,1,1,0,0,0
correlated,4,20,local-only,1,1,0,0,0
correlated,4,20,last-observation,1,1,0,0,0
correlated,4,20,generation-cache,1,0,0,1,0
correlated,4,20,intersection-only,1,0,0,1,0
correlated,4,20,fresh-read,1,1,0,0,0
correlated,4,20,guarded,1,1,0,0,0
correlated,4,21,central-latest,1,1,0,0,0
correlated,4,21,local-only,1,1,0,0,0
correlated,4,21,last-observation,1,1,0,0,0
correlated,4,21,generation-cache,1,1,0,0,0
correlated,4,21,intersection-only,1,1,0,0,0
correlated,4,21,fresh-read,1,1,0,0,0
correlated,4,21,guarded,1,1,0,0,0
correlated,4,22,central-latest,1,1,0,0,0
correlated,4,22,local-only,1,1,0,0,0
correlated,4,22,last-observation,1,1,0,0,0
correlated,4,22,generation-cache,1,1,0,0,0
correlated,4,22,intersection-only,1,1,0,0,0
correlated,4,22,fresh-read,1,1,0,0,0
correlated,4,22,guarded,1,1,0,0,0
correlated,4,23,central-latest,1,1,0,0,0
correlated,4,23,local-only,1,1,0,0,0
correlated,4,23,last-observation,1,0,0,1,0
correlated,4,23,generation-cache,1,0,0,1,0
correlated,4,23,intersection-only,1,0,0,1,0
correlated,4,23,fresh-read,1,1,0,0,0
correlated,4,23,guarded,1,1,0,0,0
correlated,5,0,central-latest,0,1,1,0,0
correlated,5,0,local-only,0,1,1,0,0
correlated,5,0,last-observation,0,0,0,0,0
correlated,5,0,generation-cache,0,0,0,0,0
correlated,5,0,intersection-only,0,0,0,0,0
correlated,5,0,fresh-read,0,0,0,0,0
correlated,5,0,guarded,0,0,0,0,0
correlated,5,1,central-latest,1,1,0,0,0
correlated,5,1,local-only,1,1,0,0,0
correlated,5,1,last-observation,1,1,0,0,0
correlated,5,1,generation-cache,1,1,0,0,0
correlated,5,1,intersection-only,1,1,0,0,0
correlated,5,1,fresh-read,1,1,0,0,0
correlated,5,1,guarded,1,1,0,0,0
correlated,5,2,central-latest,0,1,1,0,0
correlated,5,2,local-only,0,0,0,0,0
correlated,5,2,last-observation,0,0,0,0,0
correlated,5,2,generation-cache,0,0,0,0,0
correlated,5,2,intersection-only,0,0,0,0,0
correlated,5,2,fresh-read,0,0,0,0,0
correlated,5,2,guarded,0,0,0,0,0
correlated,5,3,central-latest,0,1,1,0,1
correlated,5,3,local-only,0,0,0,0,1
correlated,5,3,last-observation,0,0,0,0,1
correlated,5,3,generation-cache,0,0,0,0,1
correlated,5,3,intersection-only,0,0,0,0,1
correlated,5,3,fresh-read,0,0,0,0,1
correlated,5,3,guarded,0,0,0,0,1
correlated,5,4,central-latest,0,1,1,0,1
correlated,5,4,local-only,0,0,0,0,1
correlated,5,4,last-observation,0,0,0,0,1
correlated,5,4,generation-cache,0,0,0,0,1
correlated,5,4,intersection-only,0,0,0,0,1
correlated,5,4,fresh-read,0,0,0,0,1
correlated,5,4,guarded,0,0,0,0,1
correlated,5,5,central-latest,1,1,0,0,1
correlated,5,5,local-only,1,1,0,0,1
correlated,5,5,last-observation,1,1,0,0,1
correlated,5,5,generation-cache,1,1,0,0,1
correlated,5,5,intersection-only,1,1,0,0,1
correlated,5,5,fresh-read,1,0,0,1,1
correlated,5,5,guarded,1,0,0,1,1
correlated,5,6,central-latest,1,1,0,0,1
correlated,5,6,local-only,1,1,0,0,1
correlated,5,6,last-observation,1,0,0,1,1
correlated,5,6,generation-cache,1,0,0,1,1
correlated,5,6,intersection-only,1,0,0,1,1
correlated,5,6,fresh-read,1,0,0,1,1
correlated,5,6,guarded,1,0,0,1,1
correlated,5,7,central-latest,1,1,0,0,1
correlated,5,7,local-only,1,1,0,0,1
correlated,5,7,last-observation,1,0,0,1,1
correlated,5,7,generation-cache,1,0,0,1,1
correlated,5,7,intersection-only,1,0,0,1,1
correlated,5,7,fresh-read,1,0,0,1,1
correlated,5,7,guarded,1,0,0,1,1
correlated,5,8,central-latest,0,1,1,0,1
correlated,5,8,local-only,0,1,1,0,1
correlated,5,8,last-observation,0,0,0,0,1
correlated,5,8,generation-cache,0,0,0,0,1
correlated,5,8,intersection-only,0,0,0,0,1
correlated,5,8,fresh-read,0,0,0,0,1
correlated,5,8,guarded,0,0,0,0,1
correlated,5,9,central-latest,1,1,0,0,1
correlated,5,9,local-only,1,1,0,0,1
correlated,5,9,last-observation,1,1,0,0,1
correlated,5,9,generation-cache,1,1,0,0,1
correlated,5,9,intersection-only,1,1,0,0,1
correlated,5,9,fresh-read,1,0,0,1,1
correlated,5,9,guarded,1,0,0,1,1
correlated,5,10,central-latest,0,1,1,0,1
correlated,5,10,local-only,0,0,0,0,1
correlated,5,10,last-observation,0,0,0,0,1
correlated,5,10,generation-cache,0,0,0,0,1
correlated,5,10,intersection-only,0,0,0,0,1
correlated,5,10,fresh-read,0,0,0,0,1
correlated,5,10,guarded,0,0,0,0,1
correlated,5,11,central-latest,1,1,0,0,1
correlated,5,11,local-only,1,1,0,0,1
correlated,5,11,last-observation,1,1,0,0,1
correlated,5,11,generation-cache,1,1,0,0,1
correlated,5,11,intersection-only,1,1,0,0,1
correlated,5,11,fresh-read,1,0,0,1,1
correlated,5,11,guarded,1,0,0,1,1
correlated,5,12,central-latest,0,1,1,0,1
correlated,5,12,local-only,0,1,1,0,1
correlated,5,12,last-observation,0,0,0,0,1
correlated,5,12,generation-cache,0,0,0,0,1
correlated,5,12,intersection-only,0,0,0,0,1
correlated,5,12,fresh-read,0,0,0,0,1
correlated,5,12,guarded,0,0,0,0,1
correlated,5,13,central-latest,0,1,1,0,1
correlated,5,13,local-only,0,0,0,0,1
correlated,5,13,last-observation,0,0,0,0,1
correlated,5,13,generation-cache,0,0,0,0,1
correlated,5,13,intersection-only,0,0,0,0,1
correlated,5,13,fresh-read,0,0,0,0,1
correlated,5,13,guarded,0,0,0,0,1
correlated,5,14,central-latest,0,1,1,0,0
correlated,5,14,local-only,0,1,1,0,0
correlated,5,14,last-observation,0,0,0,0,0
correlated,5,14,generation-cache,0,0,0,0,0
correlated,5,14,intersection-only,0,0,0,0,0
correlated,5,14,fresh-read,0,0,0,0,0
correlated,5,14,guarded,0,0,0,0,0
correlated,5,15,central-latest,0,1,1,0,0
correlated,5,15,local-only,0,1,1,0,0
correlated,5,15,last-observation,0,0,0,0,0
correlated,5,15,generation-cache,0,0,0,0,0
correlated,5,15,intersection-only,0,0,0,0,0
correlated,5,15,fresh-read,0,0,0,0,0
correlated,5,15,guarded,0,0,0,0,0
correlated,5,16,central-latest,0,1,1,0,0
correlated,5,16,local-only,0,1,1,0,0
correlated,5,16,last-observation,0,0,0,0,0
correlated,5,16,generation-cache,0,0,0,0,0
correlated,5,16,intersection-only,0,0,0,0,0
correlated,5,16,fresh-read,0,0,0,0,0
correlated,5,16,guarded,0,0,0,0,0
correlated,5,17,central-latest,0,1,1,0,0
correlated,5,17,local-only,0,1,1,0,0
correlated,5,17,last-observation,0,0,0,0,0
correlated,5,17,generation-cache,0,0,0,0,0
correlated,5,17,intersection-only,0,0,0,0,0
correlated,5,17,fresh-read,0,0,0,0,0
correlated,5,17,guarded,0,0,0,0,0
correlated,5,18,central-latest,0,1,1,0,0
correlated,5,18,local-only,0,1,1,0,0
correlated,5,18,last-observation,0,0,0,0,0
correlated,5,18,generation-cache,0,0,0,0,0
correlated,5,18,intersection-only,0,0,0,0,0
correlated,5,18,fresh-read,0,0,0,0,0
correlated,5,18,guarded,0,0,0,0,0
correlated,5,19,central-latest,0,1,1,0,0
correlated,5,19,local-only,0,1,1,0,0
correlated,5,19,last-observation,0,0,0,0,0
correlated,5,19,generation-cache,0,0,0,0,0
correlated,5,19,intersection-only,0,0,0,0,0
correlated,5,19,fresh-read,0,0,0,0,0
correlated,5,19,guarded,0,0,0,0,0
correlated,5,20,central-latest,1,1,0,0,0
correlated,5,20,local-only,1,1,0,0,0
correlated,5,20,last-observation,1,1,0,0,0
correlated,5,20,generation-cache,1,1,0,0,0
correlated,5,20,intersection-only,1,1,0,0,0
correlated,5,20,fresh-read,1,1,0,0,0
correlated,5,20,guarded,1,1,0,0,0
correlated,5,21,central-latest,0,1,1,0,0
correlated,5,21,local-only,0,1,1,0,0
correlated,5,21,last-observation,0,0,0,0,0
correlated,5,21,generation-cache,0,0,0,0,0
correlated,5,21,intersection-only,0,0,0,0,0
correlated,5,21,fresh-read,0,0,0,0,0
correlated,5,21,guarded,0,0,0,0,0
correlated,5,22,central-latest,0,1,1,0,0
correlated,5,22,local-only,0,1,1,0,0
correlated,5,22,last-observation,0,0,0,0,0
correlated,5,22,generation-cache,0,0,0,0,0
correlated,5,22,intersection-only,0,0,0,0,0
correlated,5,22,fresh-read,0,0,0,0,0
correlated,5,22,guarded,0,0,0,0,0
correlated,5,23,central-latest,0,1,1,0,0
correlated,5,23,local-only,0,1,1,0,0
correlated,5,23,last-observation,0,0,0,0,0
correlated,5,23,generation-cache,0,0,0,0,0
correlated,5,23,intersection-only,0,0,0,0,0
correlated,5,23,fresh-read,0,0,0,0,0
correlated,5,23,guarded,0,0,0,0,0
one-sided,0,0,central-latest,1,1,0,0,0
one-sided,0,0,local-only,1,1,0,0,0
one-sided,0,0,last-observation,1,1,0,0,0
one-sided,0,0,generation-cache,1,1,0,0,0
one-sided,0,0,intersection-only,1,1,0,0,0
one-sided,0,0,fresh-read,1,1,0,0,0
one-sided,0,0,guarded,1,1,0,0,0
one-sided,0,1,central-latest,1,1,0,0,0
one-sided,0,1,local-only,1,0,0,1,0
one-sided,0,1,last-observation,1,1,0,0,0
one-sided,0,1,generation-cache,1,1,0,0,0
one-sided,0,1,intersection-only,1,0,0,1,0
one-sided,0,1,fresh-read,1,1,0,0,0
one-sided,0,1,guarded,1,1,0,0,0
one-sided,0,2,central-latest,1,1,0,0,0
one-sided,0,2,local-only,1,0,0,1,0
one-sided,0,2,last-observation,1,1,0,0,0
one-sided,0,2,generation-cache,1,1,0,0,0
one-sided,0,2,intersection-only,1,0,0,1,0
one-sided,0,2,fresh-read,1,1,0,0,0
one-sided,0,2,guarded,1,1,0,0,0
one-sided,0,3,central-latest,1,0,0,1,1
one-sided,0,3,local-only,1,0,0,1,1
one-sided,0,3,last-observation,1,1,0,0,1
one-sided,0,3,generation-cache,1,1,0,0,1
one-sided,0,3,intersection-only,1,0,0,1,1
one-sided,0,3,fresh-read,1,0,0,1,1
one-sided,0,3,guarded,1,0,0,1,1
one-sided,0,4,central-latest,1,0,0,1,1
one-sided,0,4,local-only,1,0,0,1,1
one-sided,0,4,last-observation,1,1,0,0,1
one-sided,0,4,generation-cache,1,1,0,0,1
one-sided,0,4,intersection-only,1,0,0,1,1
one-sided,0,4,fresh-read,1,0,0,1,1
one-sided,0,4,guarded,1,0,0,1,1
one-sided,0,5,central-latest,1,0,0,1,1
one-sided,0,5,local-only,1,0,0,1,1
one-sided,0,5,last-observation,1,1,0,0,1
one-sided,0,5,generation-cache,1,1,0,0,1
one-sided,0,5,intersection-only,1,0,0,1,1
one-sided,0,5,fresh-read,1,0,0,1,1
one-sided,0,5,guarded,1,0,0,1,1
one-sided,0,6,central-latest,0,0,0,0,1
one-sided,0,6,local-only,0,0,0,0,1
one-sided,0,6,last-observation,0,0,0,0,1
one-sided,0,6,generation-cache,0,0,0,0,1
one-sided,0,6,intersection-only,0,0,0,0,1
one-sided,0,6,fresh-read,0,0,0,0,1
one-sided,0,6,guarded,0,0,0,0,1
one-sided,0,7,central-latest,0,0,0,0,1
one-sided,0,7,local-only,0,0,0,0,1
one-sided,0,7,last-observation,0,0,0,0,1
one-sided,0,7,generation-cache,0,0,0,0,1
one-sided,0,7,intersection-only,0,0,0,0,1
one-sided,0,7,fresh-read,0,0,0,0,1
one-sided,0,7,guarded,0,0,0,0,1
one-sided,0,8,central-latest,0,0,0,0,1
one-sided,0,8,local-only,0,0,0,0,1
one-sided,0,8,last-observation,0,0,0,0,1
one-sided,0,8,generation-cache,0,0,0,0,1
one-sided,0,8,intersection-only,0,0,0,0,1
one-sided,0,8,fresh-read,0,0,0,0,1
one-sided,0,8,guarded,0,0,0,0,1
one-sided,0,9,central-latest,0,0,0,0,1
one-sided,0,9,local-only,0,0,0,0,1
one-sided,0,9,last-observation,0,1,1,0,1
one-sided,0,9,generation-cache,0,1,1,0,1
one-sided,0,9,intersection-only,0,0,0,0,1
one-sided,0,9,fresh-read,0,0,0,0,1
one-sided,0,9,guarded,0,0,0,0,1
one-sided,0,10,central-latest,0,0,0,0,1
one-sided,0,10,local-only,0,0,0,0,1
one-sided,0,10,last-observation,0,1,1,0,1
one-sided,0,10,generation-cache,0,1,1,0,1
one-sided,0,10,intersection-only,0,0,0,0,1
one-sided,0,10,fresh-read,0,0,0,0,1
one-sided,0,10,guarded,0,0,0,0,1
one-sided,0,11,central-latest,1,0,0,1,1
one-sided,0,11,local-only,1,0,0,1,1
one-sided,0,11,last-observation,1,1,0,0,1
one-sided,0,11,generation-cache,1,1,0,0,1
one-sided,0,11,intersection-only,1,0,0,1,1
one-sided,0,11,fresh-read,1,0,0,1,1
one-sided,0,11,guarded,1,0,0,1,1
one-sided,0,12,central-latest,1,0,0,1,1
one-sided,0,12,local-only,1,0,0,1,1
one-sided,0,12,last-observation,1,1,0,0,1
one-sided,0,12,generation-cache,1,1,0,0,1
one-sided,0,12,intersection-only,1,0,0,1,1
one-sided,0,12,fresh-read,1,0,0,1,1
one-sided,0,12,guarded,1,0,0,1,1
one-sided,0,13,central-latest,1,0,0,1,1
one-sided,0,13,local-only,1,0,0,1,1
one-sided,0,13,last-observation,1,1,0,0,1
one-sided,0,13,generation-cache,1,1,0,0,1
one-sided,0,13,intersection-only,1,0,0,1,1
one-sided,0,13,fresh-read,1,0,0,1,1
one-sided,0,13,guarded,1,0,0,1,1
one-sided,0,14,central-latest,0,0,0,0,0
one-sided,0,14,local-only,0,0,0,0,0
one-sided,0,14,last-observation,0,1,1,0,0
one-sided,0,14,generation-cache,0,1,1,0,0
one-sided,0,14,intersection-only,0,0,0,0,0
one-sided,0,14,fresh-read,0,0,0,0,0
one-sided,0,14,guarded,0,0,0,0,0
one-sided,0,15,central-latest,0,0,0,0,0
one-sided,0,15,local-only,0,0,0,0,0
one-sided,0,15,last-observation,0,0,0,0,0
one-sided,0,15,generation-cache,0,0,0,0,0
one-sided,0,15,intersection-only,0,0,0,0,0
one-sided,0,15,fresh-read,0,0,0,0,0
one-sided,0,15,guarded,0,0,0,0,0
one-sided,0,16,central-latest,0,0,0,0,0
one-sided,0,16,local-only,0,0,0,0,0
one-sided,0,16,last-observation,0,0,0,0,0
one-sided,0,16,generation-cache,0,0,0,0,0
one-sided,0,16,intersection-only,0,0,0,0,0
one-sided,0,16,fresh-read,0,0,0,0,0
one-sided,0,16,guarded,0,0,0,0,0
one-sided,0,17,central-latest,0,0,0,0,0
one-sided,0,17,local-only,0,0,0,0,0
one-sided,0,17,last-observation,0,0,0,0,0
one-sided,0,17,generation-cache,0,0,0,0,0
one-sided,0,17,intersection-only,0,0,0,0,0
one-sided,0,17,fresh-read,0,0,0,0,0
one-sided,0,17,guarded,0,0,0,0,0
one-sided,0,18,central-latest,0,0,0,0,0
one-sided,0,18,local-only,0,0,0,0,0
one-sided,0,18,last-observation,0,0,0,0,0
one-sided,0,18,generation-cache,0,0,0,0,0
one-sided,0,18,intersection-only,0,0,0,0,0
one-sided,0,18,fresh-read,0,0,0,0,0
one-sided,0,18,guarded,0,0,0,0,0
one-sided,0,19,central-latest,1,0,0,1,0
one-sided,0,19,local-only,1,1,0,0,0
one-sided,0,19,last-observation,1,1,0,0,0
one-sided,0,19,generation-cache,1,1,0,0,0
one-sided,0,19,intersection-only,1,0,0,1,0
one-sided,0,19,fresh-read,1,1,0,0,0
one-sided,0,19,guarded,1,1,0,0,0
one-sided,0,20,central-latest,1,0,0,1,0
one-sided,0,20,local-only,1,1,0,0,0
one-sided,0,20,last-observation,1,1,0,0,0
one-sided,0,20,generation-cache,1,1,0,0,0
one-sided,0,20,intersection-only,1,0,0,1,0
one-sided,0,20,fresh-read,1,1,0,0,0
one-sided,0,20,guarded,1,1,0,0,0
one-sided,0,21,central-latest,1,0,0,1,0
one-sided,0,21,local-only,1,1,0,0,0
one-sided,0,21,last-observation,1,1,0,0,0
one-sided,0,21,generation-cache,1,1,0,0,0
one-sided,0,21,intersection-only,1,0,0,1,0
one-sided,0,21,fresh-read,1,1,0,0,0
one-sided,0,21,guarded,1,1,0,0,0
one-sided,0,22,central-latest,0,0,0,0,0
one-sided,0,22,local-only,0,0,0,0,0
one-sided,0,22,last-observation,0,0,0,0,0
one-sided,0,22,generation-cache,0,0,0,0,0
one-sided,0,22,intersection-only,0,0,0,0,0
one-sided,0,22,fresh-read,0,0,0,0,0
one-sided,0,22,guarded,0,0,0,0,0
one-sided,0,23,central-latest,0,0,0,0,0
one-sided,0,23,local-only,0,0,0,0,0
one-sided,0,23,last-observation,0,0,0,0,0
one-sided,0,23,generation-cache,0,0,0,0,0
one-sided,0,23,intersection-only,0,0,0,0,0
one-sided,0,23,fresh-read,0,0,0,0,0
one-sided,0,23,guarded,0,0,0,0,0
one-sided,1,0,central-latest,0,1,1,0,0
one-sided,1,0,local-only,0,0,0,0,0
one-sided,1,0,last-observation,0,0,0,0,0
one-sided,1,0,generation-cache,0,0,0,0,0
one-sided,1,0,intersection-only,0,0,0,0,0
one-sided,1,0,fresh-read,0,0,0,0,0
one-sided,1,0,guarded,0,0,0,0,0
one-sided,1,1,central-latest,0,1,1,0,0
one-sided,1,1,local-only,0,0,0,0,0
one-sided,1,1,last-observation,0,0,0,0,0
one-sided,1,1,generation-cache,0,0,0,0,0
one-sided,1,1,intersection-only,0,0,0,0,0
one-sided,1,1,fresh-read,0,0,0,0,0
one-sided,1,1,guarded,0,0,0,0,0
one-sided,1,2,central-latest,0,1,1,0,0
one-sided,1,2,local-only,0,0,0,0,0
one-sided,1,2,last-observation,0,0,0,0,0
one-sided,1,2,generation-cache,0,0,0,0,0
one-sided,1,2,intersection-only,0,0,0,0,0
one-sided,1,2,fresh-read,0,0,0,0,0
one-sided,1,2,guarded,0,0,0,0,0
one-sided,1,3,central-latest,0,0,0,0,1
one-sided,1,3,local-only,0,0,0,0,1
one-sided,1,3,last-observation,0,0,0,0,1
one-sided,1,3,generation-cache,0,0,0,0,1
one-sided,1,3,intersection-only,0,0,0,0,1
one-sided,1,3,fresh-read,0,0,0,0,1
one-sided,1,3,guarded,0,0,0,0,1
one-sided,1,4,central-latest,0,0,0,0,1
one-sided,1,4,local-only,0,0,0,0,1
one-sided,1,4,last-observation,0,0,0,0,1
one-sided,1,4,generation-cache,0,0,0,0,1
one-sided,1,4,intersection-only,0,0,0,0,1
one-sided,1,4,fresh-read,0,0,0,0,1
one-sided,1,4,guarded,0,0,0,0,1
one-sided,1,5,central-latest,0,0,0,0,1
one-sided,1,5,local-only,0,0,0,0,1
one-sided,1,5,last-observation,0,0,0,0,1
one-sided,1,5,generation-cache,0,0,0,0,1
one-sided,1,5,intersection-only,0,0,0,0,1
one-sided,1,5,fresh-read,0,0,0,0,1
one-sided,1,5,guarded,0,0,0,0,1
one-sided,1,6,central-latest,0,0,0,0,1
one-sided,1,6,local-only,0,0,0,0,1
one-sided,1,6,last-observation,0,0,0,0,1
one-sided,1,6,generation-cache,0,0,0,0,1
one-sided,1,6,intersection-only,0,0,0,0,1
one-sided,1,6,fresh-read,0,0,0,0,1
one-sided,1,6,guarded,0,0,0,0,1
one-sided,1,7,central-latest,1,0,0,1,1
one-sided,1,7,local-only,1,1,0,0,1
one-sided,1,7,last-observation,1,1,0,0,1
one-sided,1,7,generation-cache,1,1,0,0,1
one-sided,1,7,intersection-only,1,1,0,0,1
one-sided,1,7,fresh-read,1,0,0,1,1
one-sided,1,7,guarded,1,0,0,1,1
one-sided,1,8,central-latest,1,0,0,1,1
one-sided,1,8,local-only,1,1,0,0,1
one-sided,1,8,last-observation,1,1,0,0,1
one-sided,1,8,generation-cache,1,1,0,0,1
one-sided,1,8,intersection-only,1,1,0,0,1
one-sided,1,8,fresh-read,1,0,0,1,1
one-sided,1,8,guarded,1,0,0,1,1
one-sided,1,9,central-latest,1,0,0,1,1
one-sided,1,9,local-only,1,0,0,1,1
one-sided,1,9,last-observation,1,1,0,0,1
one-sided,1,9,generation-cache,1,1,0,0,1
one-sided,1,9,intersection-only,1,0,0,1,1
one-sided,1,9,fresh-read,1,0,0,1,1
one-sided,1,9,guarded,1,0,0,1,1
one-sided,1,10,central-latest,0,0,0,0,1
one-sided,1,10,local-only,0,0,0,0,1
one-sided,1,10,last-observation,0,0,0,0,1
one-sided,1,10,generation-cache,0,0,0,0,1
one-sided,1,10,intersection-only,0,0,0,0,1
one-sided,1,10,fresh-read,0,0,0,0,1
one-sided,1,10,guarded,0,0,0,0,1
one-sided,1,11,central-latest,0,0,0,0,1
one-sided,1,11,local-only,0,0,0,0,1
one-sided,1,11,last-observation,0,0,0,0,1
one-sided,1,11,generation-cache,0,0,0,0,1
one-sided,1,11,intersection-only,0,0,0,0,1
one-sided,1,11,fresh-read,0,0,0,0,1
one-sided,1,11,guarded,0,0,0,0,1
one-sided,1,12,central-latest,0,0,0,0,1
one-sided,1,12,local-only,0,0,0,0,1
one-sided,1,12,last-observation,0,0,0,0,1
one-sided,1,12,generation-cache,0,0,0,0,1
one-sided,1,12,intersection-only,0,0,0,0,1
one-sided,1,12,fresh-read,0,0,0,0,1
one-sided,1,12,guarded,0,0,0,0,1
one-sided,1,13,central-latest,0,0,0,0,1
one-sided,1,13,local-only,0,0,0,0,1
one-sided,1,13,last-observation,0,0,0,0,1
one-sided,1,13,generation-cache,0,0,0,0,1
one-sided,1,13,intersection-only,0,0,0,0,1
one-sided,1,13,fresh-read,0,0,0,0,1
one-sided,1,13,guarded,0,0,0,0,1
one-sided,1,14,central-latest,0,0,0,0,0
one-sided,1,14,local-only,0,1,1,0,0
one-sided,1,14,last-observation,0,1,1,0,0
one-sided,1,14,generation-cache,0,1,1,0,0
one-sided,1,14,intersection-only,0,1,1,0,0
one-sided,1,14,fresh-read,0,0,0,0,0
one-sided,1,14,guarded,0,0,0,0,0
one-sided,1,15,central-latest,1,0,0,1,0
one-sided,1,15,local-only,1,1,0,0,0
one-sided,1,15,last-observation,1,1,0,0,0
one-sided,1,15,generation-cache,1,1,0,0,0
one-sided,1,15,intersection-only,1,1,0,0,0
one-sided,1,15,fresh-read,1,1,0,0,0
one-sided,1,15,guarded,1,1,0,0,0
one-sided,1,16,central-latest,1,0,0,1,0
one-sided,1,16,local-only,1,1,0,0,0
one-sided,1,16,last-observation,1,1,0,0,0
one-sided,1,16,generation-cache,1,1,0,0,0
one-sided,1,16,intersection-only,1,1,0,0,0
one-sided,1,16,fresh-read,1,1,0,0,0
one-sided,1,16,guarded,1,1,0,0,0
one-sided,1,17,central-latest,1,0,0,1,0
one-sided,1,17,local-only,1,1,0,0,0
one-sided,1,17,last-observation,1,1,0,0,0
one-sided,1,17,generation-cache,1,1,0,0,0
one-sided,1,17,intersection-only,1,1,0,0,0
one-sided,1,17,fresh-read,1,1,0,0,0
one-sided,1,17,guarded,1,1,0,0,0
one-sided,1,18,central-latest,0,0,0,0,0
one-sided,1,18,local-only,0,1,1,0,0
one-sided,1,18,last-observation,0,0,0,0,0
one-sided,1,18,generation-cache,0,0,0,0,0
one-sided,1,18,intersection-only,0,0,0,0,0
one-sided,1,18,fresh-read,0,0,0,0,0
one-sided,1,18,guarded,0,0,0,0,0
one-sided,1,19,central-latest,0,0,0,0,0
one-sided,1,19,local-only,0,1,1,0,0
one-sided,1,19,last-observation,0,0,0,0,0
one-sided,1,19,generation-cache,0,0,0,0,0
one-sided,1,19,intersection-only,0,0,0,0,0
one-sided,1,19,fresh-read,0,0,0,0,0
one-sided,1,19,guarded,0,0,0,0,0
one-sided,1,20,central-latest,0,0,0,0,0
one-sided,1,20,local-only,0,0,0,0,0
one-sided,1,20,last-observation,0,1,1,0,0
one-sided,1,20,generation-cache,0,0,0,0,0
one-sided,1,20,intersection-only,0,0,0,0,0
one-sided,1,20,fresh-read,0,0,0,0,0
one-sided,1,20,guarded,0,0,0,0,0
one-sided,1,21,central-latest,0,0,0,0,0
one-sided,1,21,local-only,0,0,0,0,0
one-sided,1,21,last-observation,0,0,0,0,0
one-sided,1,21,generation-cache,0,0,0,0,0
one-sided,1,21,intersection-only,0,0,0,0,0
one-sided,1,21,fresh-read,0,0,0,0,0
one-sided,1,21,guarded,0,0,0,0,0
one-sided,1,22,central-latest,1,0,0,1,0
one-sided,1,22,local-only,1,0,0,1,0
one-sided,1,22,last-observation,1,0,0,1,0
one-sided,1,22,generation-cache,1,0,0,1,0
one-sided,1,22,intersection-only,1,0,0,1,0
one-sided,1,22,fresh-read,1,1,0,0,0
one-sided,1,22,guarded,1,1,0,0,0
one-sided,1,23,central-latest,0,0,0,0,0
one-sided,1,23,local-only,0,0,0,0,0
one-sided,1,23,last-observation,0,0,0,0,0
one-sided,1,23,generation-cache,0,0,0,0,0
one-sided,1,23,intersection-only,0,0,0,0,0
one-sided,1,23,fresh-read,0,0,0,0,0
one-sided,1,23,guarded,0,0,0,0,0
one-sided,2,0,central-latest,0,1,1,0,0
one-sided,2,0,local-only,0,0,0,0,0
one-sided,2,0,last-observation,0,0,0,0,0
one-sided,2,0,generation-cache,0,0,0,0,0
one-sided,2,0,intersection-only,0,0,0,0,0
one-sided,2,0,fresh-read,0,0,0,0,0
one-sided,2,0,guarded,0,0,0,0,0
one-sided,2,1,central-latest,1,1,0,0,0
one-sided,2,1,local-only,1,0,0,1,0
one-sided,2,1,last-observation,1,1,0,0,0
one-sided,2,1,generation-cache,1,1,0,0,0
one-sided,2,1,intersection-only,1,0,0,1,0
one-sided,2,1,fresh-read,1,1,0,0,0
one-sided,2,1,guarded,1,1,0,0,0
one-sided,2,2,central-latest,1,1,0,0,0
one-sided,2,2,local-only,1,0,0,1,0
one-sided,2,2,last-observation,1,1,0,0,0
one-sided,2,2,generation-cache,1,1,0,0,0
one-sided,2,2,intersection-only,1,0,0,1,0
one-sided,2,2,fresh-read,1,1,0,0,0
one-sided,2,2,guarded,1,1,0,0,0
one-sided,2,3,central-latest,1,0,0,1,1
one-sided,2,3,local-only,1,0,0,1,1
one-sided,2,3,last-observation,1,1,0,0,1
one-sided,2,3,generation-cache,1,1,0,0,1
one-sided,2,3,intersection-only,1,0,0,1,1
one-sided,2,3,fresh-read,1,0,0,1,1
one-sided,2,3,guarded,1,0,0,1,1
one-sided,2,4,central-latest,1,0,0,1,1
one-sided,2,4,local-only,1,1,0,0,1
one-sided,2,4,last-observation,1,1,0,0,1
one-sided,2,4,generation-cache,1,1,0,0,1
one-sided,2,4,intersection-only,1,1,0,0,1
one-sided,2,4,fresh-read,1,0,0,1,1
one-sided,2,4,guarded,1,0,0,1,1
one-sided,2,5,central-latest,1,0,0,1,1
one-sided,2,5,local-only,1,1,0,0,1
one-sided,2,5,last-observation,1,1,0,0,1
one-sided,2,5,generation-cache,1,1,0,0,1
one-sided,2,5,intersection-only,1,1,0,0,1
one-sided,2,5,fresh-read,1,0,0,1,1
one-sided,2,5,guarded,1,0,0,1,1
one-sided,2,6,central-latest,1,0,0,1,1
one-sided,2,6,local-only,1,1,0,0,1
one-sided,2,6,last-observation,1,1,0,0,1
one-sided,2,6,generation-cache,1,1,0,0,1
one-sided,2,6,intersection-only,1,1,0,0,1
one-sided,2,6,fresh-read,1,0,0,1,1
one-sided,2,6,guarded,1,0,0,1,1
one-sided,2,7,central-latest,0,0,0,0,1
one-sided,2,7,local-only,0,1,1,0,1
one-sided,2,7,last-observation,0,1,1,0,1
one-sided,2,7,generation-cache,0,1,1,0,1
one-sided,2,7,intersection-only,0,1,1,0,1
one-sided,2,7,fresh-read,0,0,0,0,1
one-sided,2,7,guarded,0,0,0,0,1
one-sided,2,8,central-latest,0,0,0,0,1
one-sided,2,8,local-only,0,0,0,0,1
one-sided,2,8,last-observation,0,1,1,0,1
one-sided,2,8,generation-cache,0,1,1,0,1
one-sided,2,8,intersection-only,0,0,0,0,1
one-sided,2,8,fresh-read,0,0,0,0,1
one-sided,2,8,guarded,0,0,0,0,1
one-sided,2,9,central-latest,0,0,0,0,1
one-sided,2,9,local-only,0,0,0,0,1
one-sided,2,9,last-observation,0,1,1,0,1
one-sided,2,9,generation-cache,0,1,1,0,1
one-sided,2,9,intersection-only,0,0,0,0,1
one-sided,2,9,fresh-read,0,0,0,0,1
one-sided,2,9,guarded,0,0,0,0,1
one-sided,2,10,central-latest,1,0,0,1,1
one-sided,2,10,local-only,1,0,0,1,1
one-sided,2,10,last-observation,1,1,0,0,1
one-sided,2,10,generation-cache,1,1,0,0,1
one-sided,2,10,intersection-only,1,0,0,1,1
one-sided,2,10,fresh-read,1,0,0,1,1
one-sided,2,10,guarded,1,0,0,1,1
one-sided,2,11,central-latest,1,0,0,1,1
one-sided,2,11,local-only,1,1,0,0,1
one-sided,2,11,last-observation,1,1,0,0,1
one-sided,2,11,generation-cache,1,1,0,0,1
one-sided,2,11,intersection-only,1,1,0,0,1
one-sided,2,11,fresh-read,1,0,0,1,1
one-sided,2,11,guarded,1,0,0,1,1
one-sided,2,12,central-latest,1,0,0,1,1
one-sided,2,12,local-only,1,1,0,0,1
one-sided,2,12,last-observation,1,1,0,0,1
one-sided,2,12,generation-cache,1,1,0,0,1
one-sided,2,12,intersection-only,1,1,0,0,1
one-sided,2,12,fresh-read,1,0,0,1,1
one-sided,2,12,guarded,1,0,0,1,1
one-sided,2,13,central-latest,1,0,0,1,1
one-sided,2,13,local-only,1,1,0,0,1
one-sided,2,13,last-observation,1,1,0,0,1
one-sided,2,13,generation-cache,1,1,0,0,1
one-sided,2,13,intersection-only,1,1,0,0,1
one-sided,2,13,fresh-read,1,0,0,1,1
one-sided,2,13,guarded,1,0,0,1,1
one-sided,2,14,central-latest,1,0,0,1,0
one-sided,2,14,local-only,1,1,0,0,0
one-sided,2,14,last-observation,1,1,0,0,0
one-sided,2,14,generation-cache,1,1,0,0,0
one-sided,2,14,intersection-only,1,1,0,0,0
one-sided,2,14,fresh-read,1,1,0,0,0
one-sided,2,14,guarded,1,1,0,0,0
one-sided,2,15,central-latest,1,0,0,1,0
one-sided,2,15,local-only,1,0,0,1,0
one-sided,2,15,last-observation,1,1,0,0,0
one-sided,2,15,generation-cache,1,1,0,0,0
one-sided,2,15,intersection-only,1,0,0,1,0
one-sided,2,15,fresh-read,1,1,0,0,0
one-sided,2,15,guarded,1,1,0,0,0
one-sided,2,16,central-latest,1,0,0,1,0
one-sided,2,16,local-only,1,1,0,0,0
one-sided,2,16,last-observation,1,1,0,0,0
one-sided,2,16,generation-cache,1,1,0,0,0
one-sided,2,16,intersection-only,1,1,0,0,0
one-sided,2,16,fresh-read,1,1,0,0,0
one-sided,2,16,guarded,1,1,0,0,0
one-sided,2,17,central-latest,1,0,0,1,0
one-sided,2,17,local-only,1,1,0,0,0
one-sided,2,17,last-observation,1,1,0,0,0
one-sided,2,17,generation-cache,1,1,0,0,0
one-sided,2,17,intersection-only,1,1,0,0,0
one-sided,2,17,fresh-read,1,1,0,0,0
one-sided,2,17,guarded,1,1,0,0,0
one-sided,2,18,central-latest,1,0,0,1,0
one-sided,2,18,local-only,1,1,0,0,0
one-sided,2,18,last-observation,1,1,0,0,0
one-sided,2,18,generation-cache,1,1,0,0,0
one-sided,2,18,intersection-only,1,0,0,1,0
one-sided,2,18,fresh-read,1,1,0,0,0
one-sided,2,18,guarded,1,1,0,0,0
one-sided,2,19,central-latest,1,0,0,1,0
one-sided,2,19,local-only,1,1,0,0,0
one-sided,2,19,last-observation,1,1,0,0,0
one-sided,2,19,generation-cache,1,1,0,0,0
one-sided,2,19,intersection-only,1,0,0,1,0
one-sided,2,19,fresh-read,1,1,0,0,0
one-sided,2,19,guarded,1,1,0,0,0
one-sided,2,20,central-latest,1,0,0,1,0
one-sided,2,20,local-only,1,1,0,0,0
one-sided,2,20,last-observation,1,1,0,0,0
one-sided,2,20,generation-cache,1,1,0,0,0
one-sided,2,20,intersection-only,1,0,0,1,0
one-sided,2,20,fresh-read,1,1,0,0,0
one-sided,2,20,guarded,1,1,0,0,0
one-sided,2,21,central-latest,1,0,0,1,0
one-sided,2,21,local-only,1,1,0,0,0
one-sided,2,21,last-observation,1,1,0,0,0
one-sided,2,21,generation-cache,1,1,0,0,0
one-sided,2,21,intersection-only,1,1,0,0,0
one-sided,2,21,fresh-read,1,1,0,0,0
one-sided,2,21,guarded,1,1,0,0,0
one-sided,2,22,central-latest,1,0,0,1,0
one-sided,2,22,local-only,1,1,0,0,0
one-sided,2,22,last-observation,1,1,0,0,0
one-sided,2,22,generation-cache,1,1,0,0,0
one-sided,2,22,intersection-only,1,1,0,0,0
one-sided,2,22,fresh-read,1,1,0,0,0
one-sided,2,22,guarded,1,1,0,0,0
one-sided,2,23,central-latest,1,0,0,1,0
one-sided,2,23,local-only,1,1,0,0,0
one-sided,2,23,last-observation,1,1,0,0,0
one-sided,2,23,generation-cache,1,1,0,0,0
one-sided,2,23,intersection-only,1,1,0,0,0
one-sided,2,23,fresh-read,1,1,0,0,0
one-sided,2,23,guarded,1,1,0,0,0
one-sided,3,0,central-latest,1,1,0,0,0
one-sided,3,0,local-only,1,1,0,0,0
one-sided,3,0,last-observation,1,1,0,0,0
one-sided,3,0,generation-cache,1,1,0,0,0
one-sided,3,0,intersection-only,1,1,0,0,0
one-sided,3,0,fresh-read,1,1,0,0,0
one-sided,3,0,guarded,1,1,0,0,0
one-sided,3,1,central-latest,1,1,0,0,0
one-sided,3,1,local-only,1,1,0,0,0
one-sided,3,1,last-observation,1,1,0,0,0
one-sided,3,1,generation-cache,1,1,0,0,0
one-sided,3,1,intersection-only,1,1,0,0,0
one-sided,3,1,fresh-read,1,1,0,0,0
one-sided,3,1,guarded,1,1,0,0,0
one-sided,3,2,central-latest,0,1,1,0,0
one-sided,3,2,local-only,0,0,0,0,0
one-sided,3,2,last-observation,0,0,0,0,0
one-sided,3,2,generation-cache,0,0,0,0,0
one-sided,3,2,intersection-only,0,0,0,0,0
one-sided,3,2,fresh-read,0,0,0,0,0
one-sided,3,2,guarded,0,0,0,0,0
one-sided,3,3,central-latest,0,0,0,0,1
one-sided,3,3,local-only,0,0,0,0,1
one-sided,3,3,last-observation,0,0,0,0,1
one-sided,3,3,generation-cache,0,0,0,0,1
one-sided,3,3,intersection-only,0,0,0,0,1
one-sided,3,3,fresh-read,0,0,0,0,1
one-sided,3,3,guarded,0,0,0,0,1
one-sided,3,4,central-latest,1,0,0,1,1
one-sided,3,4,local-only,1,1,0,0,1
one-sided,3,4,last-observation,1,1,0,0,1
one-sided,3,4,generation-cache,1,1,0,0,1
one-sided,3,4,intersection-only,1,1,0,0,1
one-sided,3,4,fresh-read,1,0,0,1,1
one-sided,3,4,guarded,1,0,0,1,1
one-sided,3,5,central-latest,1,0,0,1,1
one-sided,3,5,local-only,1,1,0,0,1
one-sided,3,5,last-observation,1,1,0,0,1
one-sided,3,5,generation-cache,1,1,0,0,1
one-sided,3,5,intersection-only,1,1,0,0,1
one-sided,3,5,fresh-read,1,0,0,1,1
one-sided,3,5,guarded,1,0,0,1,1
one-sided,3,6,central-latest,1,0,0,1,1
one-sided,3,6,local-only,1,1,0,0,1
one-sided,3,6,last-observation,1,1,0,0,1
one-sided,3,6,generation-cache,1,1,0,0,1
one-sided,3,6,intersection-only,1,1,0,0,1
one-sided,3,6,fresh-read,1,0,0,1,1
one-sided,3,6,guarded,1,0,0,1,1
one-sided,3,7,central-latest,1,0,0,1,1
one-sided,3,7,local-only,1,1,0,0,1
one-sided,3,7,last-observation,1,1,0,0,1
one-sided,3,7,generation-cache,1,1,0,0,1
one-sided,3,7,intersection-only,1,1,0,0,1
one-sided,3,7,fresh-read,1,0,0,1,1
one-sided,3,7,guarded,1,0,0,1,1
one-sided,3,8,central-latest,0,0,0,0,1
one-sided,3,8,local-only,0,1,1,0,1
one-sided,3,8,last-observation,0,1,1,0,1
one-sided,3,8,generation-cache,0,1,1,0,1
one-sided,3,8,intersection-only,0,1,1,0,1
one-sided,3,8,fresh-read,0,0,0,0,1
one-sided,3,8,guarded,0,0,0,0,1
one-sided,3,9,central-latest,0,0,0,0,1
one-sided,3,9,local-only,0,1,1,0,1
one-sided,3,9,last-observation,0,1,1,0,1
one-sided,3,9,generation-cache,0,1,1,0,1
one-sided,3,9,intersection-only,0,1,1,0,1
one-sided,3,9,fresh-read,0,0,0,0,1
one-sided,3,9,guarded,0,0,0,0,1
one-sided,3,10,central-latest,0,0,0,0,1
one-sided,3,10,local-only,0,0,0,0,1
one-sided,3,10,last-observation,0,1,1,0,1
one-sided,3,10,generation-cache,0,1,1,0,1
one-sided,3,10,intersection-only,0,0,0,0,1
one-sided,3,10,fresh-read,0,0,0,0,1
one-sided,3,10,guarded,0,0,0,0,1
one-sided,3,11,central-latest,0,0,0,0,1
one-sided,3,11,local-only,0,0,0,0,1
one-sided,3,11,last-observation,0,1,1,0,1
one-sided,3,11,generation-cache,0,1,1,0,1
one-sided,3,11,intersection-only,0,0,0,0,1
one-sided,3,11,fresh-read,0,0,0,0,1
one-sided,3,11,guarded,0,0,0,0,1
one-sided,3,12,central-latest,1,0,0,1,1
one-sided,3,12,local-only,1,0,0,1,1
one-sided,3,12,last-observation,1,1,0,0,1
one-sided,3,12,generation-cache,1,1,0,0,1
one-sided,3,12,intersection-only,1,0,0,1,1
one-sided,3,12,fresh-read,1,0,0,1,1
one-sided,3,12,guarded,1,0,0,1,1
one-sided,3,13,central-latest,1,0,0,1,1
one-sided,3,13,local-only,1,0,0,1,1
one-sided,3,13,last-observation,1,1,0,0,1
one-sided,3,13,generation-cache,1,1,0,0,1
one-sided,3,13,intersection-only,1,0,0,1,1
one-sided,3,13,fresh-read,1,0,0,1,1
one-sided,3,13,guarded,1,0,0,1,1
one-sided,3,14,central-latest,1,0,0,1,0
one-sided,3,14,local-only,1,0,0,1,0
one-sided,3,14,last-observation,1,1,0,0,0
one-sided,3,14,generation-cache,1,1,0,0,0
one-sided,3,14,intersection-only,1,0,0,1,0
one-sided,3,14,fresh-read,1,1,0,0,0
one-sided,3,14,guarded,1,1,0,0,0
one-sided,3,15,central-latest,0,0,0,0,0
one-sided,3,15,local-only,0,0,0,0,0
one-sided,3,15,last-observation,0,1,1,0,0
one-sided,3,15,generation-cache,0,0,0,0,0
one-sided,3,15,intersection-only,0,0,0,0,0
one-sided,3,15,fresh-read,0,0,0,0,0
one-sided,3,15,guarded,0,0,0,0,0
one-sided,3,16,central-latest,0,0,0,0,0
one-sided,3,16,local-only,0,1,1,0,0
one-sided,3,16,last-observation,0,1,1,0,0
one-sided,3,16,generation-cache,0,0,0,0,0
one-sided,3,16,intersection-only,0,0,0,0,0
one-sided,3,16,fresh-read,0,0,0,0,0
one-sided,3,16,guarded,0,0,0,0,0
one-sided,3,17,central-latest,1,0,0,1,0
one-sided,3,17,local-only,1,1,0,0,0
one-sided,3,17,last-observation,1,1,0,0,0
one-sided,3,17,generation-cache,1,0,0,1,0
one-sided,3,17,intersection-only,1,0,0,1,0
one-sided,3,17,fresh-read,1,1,0,0,0
one-sided,3,17,guarded,1,1,0,0,0
one-sided,3,18,central-latest,1,0,0,1,0
one-sided,3,18,local-only,1,1,0,0,0
one-sided,3,18,last-observation,1,1,0,0,0
one-sided,3,18,generation-cache,1,1,0,0,0
one-sided,3,18,intersection-only,1,1,0,0,0
one-sided,3,18,fresh-read,1,1,0,0,0
one-sided,3,18,guarded,1,1,0,0,0
one-sided,3,19,central-latest,1,0,0,1,0
one-sided,3,19,local-only,1,1,0,0,0
one-sided,3,19,last-observation,1,1,0,0,0
one-sided,3,19,generation-cache,1,1,0,0,0
one-sided,3,19,intersection-only,1,1,0,0,0
one-sided,3,19,fresh-read,1,1,0,0,0
one-sided,3,19,guarded,1,1,0,0,0
one-sided,3,20,central-latest,1,0,0,1,0
one-sided,3,20,local-only,1,1,0,0,0
one-sided,3,20,last-observation,1,1,0,0,0
one-sided,3,20,generation-cache,1,1,0,0,0
one-sided,3,20,intersection-only,1,1,0,0,0
one-sided,3,20,fresh-read,1,1,0,0,0
one-sided,3,20,guarded,1,1,0,0,0
one-sided,3,21,central-latest,1,0,0,1,0
one-sided,3,21,local-only,1,1,0,0,0
one-sided,3,21,last-observation,1,1,0,0,0
one-sided,3,21,generation-cache,1,1,0,0,0
one-sided,3,21,intersection-only,1,1,0,0,0
one-sided,3,21,fresh-read,1,1,0,0,0
one-sided,3,21,guarded,1,1,0,0,0
one-sided,3,22,central-latest,0,0,0,0,0
one-sided,3,22,local-only,0,1,1,0,0
one-sided,3,22,last-observation,0,1,1,0,0
one-sided,3,22,generation-cache,0,1,1,0,0
one-sided,3,22,intersection-only,0,1,1,0,0
one-sided,3,22,fresh-read,0,0,0,0,0
one-sided,3,22,guarded,0,0,0,0,0
one-sided,3,23,central-latest,1,0,0,1,0
one-sided,3,23,local-only,1,1,0,0,0
one-sided,3,23,last-observation,1,1,0,0,0
one-sided,3,23,generation-cache,1,1,0,0,0
one-sided,3,23,intersection-only,1,1,0,0,0
one-sided,3,23,fresh-read,1,1,0,0,0
one-sided,3,23,guarded,1,1,0,0,0
one-sided,4,0,central-latest,1,1,0,0,0
one-sided,4,0,local-only,1,0,0,1,0
one-sided,4,0,last-observation,1,1,0,0,0
one-sided,4,0,generation-cache,1,1,0,0,0
one-sided,4,0,intersection-only,1,0,0,1,0
one-sided,4,0,fresh-read,1,1,0,0,0
one-sided,4,0,guarded,1,1,0,0,0
one-sided,4,1,central-latest,1,1,0,0,0
one-sided,4,1,local-only,1,1,0,0,0
one-sided,4,1,last-observation,1,1,0,0,0
one-sided,4,1,generation-cache,1,1,0,0,0
one-sided,4,1,intersection-only,1,1,0,0,0
one-sided,4,1,fresh-read,1,1,0,0,0
one-sided,4,1,guarded,1,1,0,0,0
one-sided,4,2,central-latest,1,1,0,0,0
one-sided,4,2,local-only,1,1,0,0,0
one-sided,4,2,last-observation,1,1,0,0,0
one-sided,4,2,generation-cache,1,1,0,0,0
one-sided,4,2,intersection-only,1,1,0,0,0
one-sided,4,2,fresh-read,1,1,0,0,0
one-sided,4,2,guarded,1,1,0,0,0
one-sided,4,3,central-latest,0,0,0,0,1
one-sided,4,3,local-only,0,0,0,0,1
one-sided,4,3,last-observation,0,0,0,0,1
one-sided,4,3,generation-cache,0,0,0,0,1
one-sided,4,3,intersection-only,0,0,0,0,1
one-sided,4,3,fresh-read,0,0,0,0,1
one-sided,4,3,guarded,0,0,0,0,1
one-sided,4,4,central-latest,1,0,0,1,1
one-sided,4,4,local-only,1,1,0,0,1
one-sided,4,4,last-observation,1,1,0,0,1
one-sided,4,4,generation-cache,1,1,0,0,1
one-sided,4,4,intersection-only,1,1,0,0,1
one-sided,4,4,fresh-read,1,0,0,1,1
one-sided,4,4,guarded,1,0,0,1,1
one-sided,4,5,central-latest,0,0,0,0,1
one-sided,4,5,local-only,0,1,1,0,1
one-sided,4,5,last-observation,0,1,1,0,1
one-sided,4,5,generation-cache,0,1,1,0,1
one-sided,4,5,intersection-only,0,1,1,0,1
one-sided,4,5,fresh-read,0,0,0,0,1
one-sided,4,5,guarded,0,0,0,0,1
one-sided,4,6,central-latest,0,0,0,0,1
one-sided,4,6,local-only,0,0,0,0,1
one-sided,4,6,last-observation,0,1,1,0,1
one-sided,4,6,generation-cache,0,1,1,0,1
one-sided,4,6,intersection-only,0,0,0,0,1
one-sided,4,6,fresh-read,0,0,0,0,1
one-sided,4,6,guarded,0,0,0,0,1
one-sided,4,7,central-latest,1,0,0,1,1
one-sided,4,7,local-only,1,0,0,1,1
one-sided,4,7,last-observation,1,1,0,0,1
one-sided,4,7,generation-cache,1,1,0,0,1
one-sided,4,7,intersection-only,1,0,0,1,1
one-sided,4,7,fresh-read,1,0,0,1,1
one-sided,4,7,guarded,1,0,0,1,1
one-sided,4,8,central-latest,1,0,0,1,1
one-sided,4,8,local-only,1,0,0,1,1
one-sided,4,8,last-observation,1,1,0,0,1
one-sided,4,8,generation-cache,1,1,0,0,1
one-sided,4,8,intersection-only,1,0,0,1,1
one-sided,4,8,fresh-read,1,0,0,1,1
one-sided,4,8,guarded,1,0,0,1,1
one-sided,4,9,central-latest,0,0,0,0,1
one-sided,4,9,local-only,0,0,0,0,1
one-sided,4,9,last-observation,0,0,0,0,1
one-sided,4,9,generation-cache,0,0,0,0,1
one-sided,4,9,intersection-only,0,0,0,0,1
one-sided,4,9,fresh-read,0,0,0,0,1
one-sided,4,9,guarded,0,0,0,0,1
one-sided,4,10,central-latest,0,0,0,0,1
one-sided,4,10,local-only,0,0,0,0,1
one-sided,4,10,last-observation,0,0,0,0,1
one-sided,4,10,generation-cache,0,0,0,0,1
one-sided,4,10,intersection-only,0,0,0,0,1
one-sided,4,10,fresh-read,0,0,0,0,1
one-sided,4,10,guarded,0,0,0,0,1
one-sided,4,11,central-latest,1,0,0,1,1
one-sided,4,11,local-only,1,1,0,0,1
one-sided,4,11,last-observation,1,1,0,0,1
one-sided,4,11,generation-cache,1,1,0,0,1
one-sided,4,11,intersection-only,1,1,0,0,1
one-sided,4,11,fresh-read,1,0,0,1,1
one-sided,4,11,guarded,1,0,0,1,1
one-sided,4,12,central-latest,1,0,0,1,1
one-sided,4,12,local-only,1,1,0,0,1
one-sided,4,12,last-observation,1,1,0,0,1
one-sided,4,12,generation-cache,1,1,0,0,1
one-sided,4,12,intersection-only,1,1,0,0,1
one-sided,4,12,fresh-read,1,0,0,1,1
one-sided,4,12,guarded,1,0,0,1,1
one-sided,4,13,central-latest,0,0,0,0,1
one-sided,4,13,local-only,0,1,1,0,1
one-sided,4,13,last-observation,0,1,1,0,1
one-sided,4,13,generation-cache,0,1,1,0,1
one-sided,4,13,intersection-only,0,1,1,0,1
one-sided,4,13,fresh-read,0,0,0,0,1
one-sided,4,13,guarded,0,0,0,0,1
one-sided,4,14,central-latest,1,0,0,1,0
one-sided,4,14,local-only,1,1,0,0,0
one-sided,4,14,last-observation,1,1,0,0,0
one-sided,4,14,generation-cache,1,1,0,0,0
one-sided,4,14,intersection-only,1,1,0,0,0
one-sided,4,14,fresh-read,1,1,0,0,0
one-sided,4,14,guarded,1,1,0,0,0
one-sided,4,15,central-latest,1,0,0,1,0
one-sided,4,15,local-only,1,1,0,0,0
one-sided,4,15,last-observation,1,1,0,0,0
one-sided,4,15,generation-cache,1,1,0,0,0
one-sided,4,15,intersection-only,1,1,0,0,0
one-sided,4,15,fresh-read,1,1,0,0,0
one-sided,4,15,guarded,1,1,0,0,0
one-sided,4,16,central-latest,1,0,0,1,0
one-sided,4,16,local-only,1,1,0,0,0
one-sided,4,16,last-observation,1,1,0,0,0
one-sided,4,16,generation-cache,1,1,0,0,0
one-sided,4,16,intersection-only,1,1,0,0,0
one-sided,4,16,fresh-read,1,1,0,0,0
one-sided,4,16,guarded,1,1,0,0,0
one-sided,4,17,central-latest,0,0,0,0,0
one-sided,4,17,local-only,0,1,1,0,0
one-sided,4,17,last-observation,0,1,1,0,0
one-sided,4,17,generation-cache,0,1,1,0,0
one-sided,4,17,intersection-only,0,1,1,0,0
one-sided,4,17,fresh-read,0,0,0,0,0
one-sided,4,17,guarded,0,0,0,0,0
one-sided,4,18,central-latest,0,0,0,0,0
one-sided,4,18,local-only,0,1,1,0,0
one-sided,4,18,last-observation,0,0,0,0,0
one-sided,4,18,generation-cache,0,0,0,0,0
one-sided,4,18,intersection-only,0,0,0,0,0
one-sided,4,18,fresh-read,0,0,0,0,0
one-sided,4,18,guarded,0,0,0,0,0
one-sided,4,19,central-latest,1,0,0,1,0
one-sided,4,19,local-only,1,1,0,0,0
one-sided,4,19,last-observation,1,0,0,1,0
one-sided,4,19,generation-cache,1,0,0,1,0
one-sided,4,19,intersection-only,1,0,0,1,0
one-sided,4,19,fresh-read,1,1,0,0,0
one-sided,4,19,guarded,1,1,0,0,0
one-sided,4,20,central-latest,1,0,0,1,0
one-sided,4,20,local-only,1,1,0,0,0
one-sided,4,20,last-observation,1,1,0,0,0
one-sided,4,20,generation-cache,1,0,0,1,0
one-sided,4,20,intersection-only,1,0,0,1,0
one-sided,4,20,fresh-read,1,1,0,0,0
one-sided,4,20,guarded,1,1,0,0,0
one-sided,4,21,central-latest,1,0,0,1,0
one-sided,4,21,local-only,1,1,0,0,0
one-sided,4,21,last-observation,1,1,0,0,0
one-sided,4,21,generation-cache,1,1,0,0,0
one-sided,4,21,intersection-only,1,0,0,1,0
one-sided,4,21,fresh-read,1,1,0,0,0
one-sided,4,21,guarded,1,1,0,0,0
one-sided,4,22,central-latest,1,0,0,1,0
one-sided,4,22,local-only,1,1,0,0,0
one-sided,4,22,last-observation,1,1,0,0,0
one-sided,4,22,generation-cache,1,1,0,0,0
one-sided,4,22,intersection-only,1,0,0,1,0
one-sided,4,22,fresh-read,1,1,0,0,0
one-sided,4,22,guarded,1,1,0,0,0
one-sided,4,23,central-latest,1,0,0,1,0
one-sided,4,23,local-only,1,1,0,0,0
one-sided,4,23,last-observation,1,1,0,0,0
one-sided,4,23,generation-cache,1,1,0,0,0
one-sided,4,23,intersection-only,1,0,0,1,0
one-sided,4,23,fresh-read,1,1,0,0,0
one-sided,4,23,guarded,1,1,0,0,0
one-sided,5,0,central-latest,1,1,0,0,0
one-sided,5,0,local-only,1,1,0,0,0
one-sided,5,0,last-observation,1,1,0,0,0
one-sided,5,0,generation-cache,1,1,0,0,0
one-sided,5,0,intersection-only,1,0,0,1,0
one-sided,5,0,fresh-read,1,1,0,0,0
one-sided,5,0,guarded,1,1,0,0,0
one-sided,5,1,central-latest,1,1,0,0,0
one-sided,5,1,local-only,1,1,0,0,0
one-sided,5,1,last-observation,1,1,0,0,0
one-sided,5,1,generation-cache,1,1,0,0,0
one-sided,5,1,intersection-only,1,0,0,1,0
one-sided,5,1,fresh-read,1,1,0,0,0
one-sided,5,1,guarded,1,1,0,0,0
one-sided,5,2,central-latest,0,1,1,0,0
one-sided,5,2,local-only,0,0,0,0,0
one-sided,5,2,last-observation,0,0,0,0,0
one-sided,5,2,generation-cache,0,0,0,0,0
one-sided,5,2,intersection-only,0,0,0,0,0
one-sided,5,2,fresh-read,0,0,0,0,0
one-sided,5,2,guarded,0,0,0,0,0
one-sided,5,3,central-latest,0,0,0,0,1
one-sided,5,3,local-only,0,0,0,0,1
one-sided,5,3,last-observation,0,0,0,0,1
one-sided,5,3,generation-cache,0,0,0,0,1
one-sided,5,3,intersection-only,0,0,0,0,1
one-sided,5,3,fresh-read,0,0,0,0,1
one-sided,5,3,guarded,0,0,0,0,1
one-sided,5,4,central-latest,0,0,0,0,1
one-sided,5,4,local-only,0,0,0,0,1
one-sided,5,4,last-observation,0,0,0,0,1
one-sided,5,4,generation-cache,0,0,0,0,1
one-sided,5,4,intersection-only,0,0,0,0,1
one-sided,5,4,fresh-read,0,0,0,0,1
one-sided,5,4,guarded,0,0,0,0,1
one-sided,5,5,central-latest,1,0,0,1,1
one-sided,5,5,local-only,1,1,0,0,1
one-sided,5,5,last-observation,1,1,0,0,1
one-sided,5,5,generation-cache,1,1,0,0,1
one-sided,5,5,intersection-only,1,0,0,1,1
one-sided,5,5,fresh-read,1,0,0,1,1
one-sided,5,5,guarded,1,0,0,1,1
one-sided,5,6,central-latest,1,0,0,1,1
one-sided,5,6,local-only,1,1,0,0,1
one-sided,5,6,last-observation,1,1,0,0,1
one-sided,5,6,generation-cache,1,1,0,0,1
one-sided,5,6,intersection-only,1,0,0,1,1
one-sided,5,6,fresh-read,1,0,0,1,1
one-sided,5,6,guarded,1,0,0,1,1
one-sided,5,7,central-latest,1,0,0,1,1
one-sided,5,7,local-only,1,1,0,0,1
one-sided,5,7,last-observation,1,1,0,0,1
one-sided,5,7,generation-cache,1,1,0,0,1
one-sided,5,7,intersection-only,1,0,0,1,1
one-sided,5,7,fresh-read,1,0,0,1,1
one-sided,5,7,guarded,1,0,0,1,1
one-sided,5,8,central-latest,1,0,0,1,1
one-sided,5,8,local-only,1,1,0,0,1
one-sided,5,8,last-observation,1,1,0,0,1
one-sided,5,8,generation-cache,1,1,0,0,1
one-sided,5,8,intersection-only,1,0,0,1,1
one-sided,5,8,fresh-read,1,0,0,1,1
one-sided,5,8,guarded,1,0,0,1,1
one-sided,5,9,central-latest,1,0,0,1,1
one-sided,5,9,local-only,1,1,0,0,1
one-sided,5,9,last-observation,1,1,0,0,1
one-sided,5,9,generation-cache,1,1,0,0,1
one-sided,5,9,intersection-only,1,0,0,1,1
one-sided,5,9,fresh-read,1,0,0,1,1
one-sided,5,9,guarded,1,0,0,1,1
one-sided,5,10,central-latest,0,0,0,0,1
one-sided,5,10,local-only,0,0,0,0,1
one-sided,5,10,last-observation,0,0,0,0,1
one-sided,5,10,generation-cache,0,0,0,0,1
one-sided,5,10,intersection-only,0,0,0,0,1
one-sided,5,10,fresh-read,0,0,0,0,1
one-sided,5,10,guarded,0,0,0,0,1
one-sided,5,11,central-latest,1,0,0,1,1
one-sided,5,11,local-only,1,1,0,0,1
one-sided,5,11,last-observation,1,1,0,0,1
one-sided,5,11,generation-cache,1,1,0,0,1
one-sided,5,11,intersection-only,1,0,0,1,1
one-sided,5,11,fresh-read,1,0,0,1,1
one-sided,5,11,guarded,1,0,0,1,1
one-sided,5,12,central-latest,1,0,0,1,1
one-sided,5,12,local-only,1,1,0,0,1
one-sided,5,12,last-observation,1,1,0,0,1
one-sided,5,12,generation-cache,1,1,0,0,1
one-sided,5,12,intersection-only,1,0,0,1,1
one-sided,5,12,fresh-read,1,0,0,1,1
one-sided,5,12,guarded,1,0,0,1,1
one-sided,5,13,central-latest,0,0,0,0,1
one-sided,5,13,local-only,0,0,0,0,1
one-sided,5,13,last-observation,0,0,0,0,1
one-sided,5,13,generation-cache,0,0,0,0,1
one-sided,5,13,intersection-only,0,0,0,0,1
one-sided,5,13,fresh-read,0,0,0,0,1
one-sided,5,13,guarded,0,0,0,0,1
one-sided,5,14,central-latest,1,0,0,1,0
one-sided,5,14,local-only,1,1,0,0,0
one-sided,5,14,last-observation,1,1,0,0,0
one-sided,5,14,generation-cache,1,1,0,0,0
one-sided,5,14,intersection-only,1,0,0,1,0
one-sided,5,14,fresh-read,1,1,0,0,0
one-sided,5,14,guarded,1,1,0,0,0
one-sided,5,15,central-latest,1,0,0,1,0
one-sided,5,15,local-only,1,1,0,0,0
one-sided,5,15,last-observation,1,1,0,0,0
one-sided,5,15,generation-cache,1,1,0,0,0
one-sided,5,15,intersection-only,1,0,0,1,0
one-sided,5,15,fresh-read,1,1,0,0,0
one-sided,5,15,guarded,1,1,0,0,0
one-sided,5,16,central-latest,1,0,0,1,0
one-sided,5,16,local-only,1,1,0,0,0
one-sided,5,16,last-observation,1,1,0,0,0
one-sided,5,16,generation-cache,1,1,0,0,0
one-sided,5,16,intersection-only,1,0,0,1,0
one-sided,5,16,fresh-read,1,1,0,0,0
one-sided,5,16,guarded,1,1,0,0,0
one-sided,5,17,central-latest,1,0,0,1,0
one-sided,5,17,local-only,1,1,0,0,0
one-sided,5,17,last-observation,1,1,0,0,0
one-sided,5,17,generation-cache,1,1,0,0,0
one-sided,5,17,intersection-only,1,0,0,1,0
one-sided,5,17,fresh-read,1,1,0,0,0
one-sided,5,17,guarded,1,1,0,0,0
one-sided,5,18,central-latest,1,0,0,1,0
one-sided,5,18,local-only,1,1,0,0,0
one-sided,5,18,last-observation,1,1,0,0,0
one-sided,5,18,generation-cache,1,1,0,0,0
one-sided,5,18,intersection-only,1,0,0,1,0
one-sided,5,18,fresh-read,1,1,0,0,0
one-sided,5,18,guarded,1,1,0,0,0
one-sided,5,19,central-latest,1,0,0,1,0
one-sided,5,19,local-only,1,1,0,0,0
one-sided,5,19,last-observation,1,1,0,0,0
one-sided,5,19,generation-cache,1,1,0,0,0
one-sided,5,19,intersection-only,1,0,0,1,0
one-sided,5,19,fresh-read,1,1,0,0,0
one-sided,5,19,guarded,1,1,0,0,0
one-sided,5,20,central-latest,0,0,0,0,0
one-sided,5,20,local-only,0,0,0,0,0
one-sided,5,20,last-observation,0,0,0,0,0
one-sided,5,20,generation-cache,0,0,0,0,0
one-sided,5,20,intersection-only,0,0,0,0,0
one-sided,5,20,fresh-read,0,0,0,0,0
one-sided,5,20,guarded,0,0,0,0,0
one-sided,5,21,central-latest,1,0,0,1,0
one-sided,5,21,local-only,1,0,0,1,0
one-sided,5,21,last-observation,1,1,0,0,0
one-sided,5,21,generation-cache,1,1,0,0,0
one-sided,5,21,intersection-only,1,0,0,1,0
one-sided,5,21,fresh-read,1,1,0,0,0
one-sided,5,21,guarded,1,1,0,0,0
one-sided,5,22,central-latest,1,0,0,1,0
one-sided,5,22,local-only,1,0,0,1,0
one-sided,5,22,last-observation,1,1,0,0,0
one-sided,5,22,generation-cache,1,1,0,0,0
one-sided,5,22,intersection-only,1,0,0,1,0
one-sided,5,22,fresh-read,1,1,0,0,0
one-sided,5,22,guarded,1,1,0,0,0
one-sided,5,23,central-latest,1,0,0,1,0
one-sided,5,23,local-only,1,0,0,1,0
one-sided,5,23,last-observation,1,1,0,0,0
one-sided,5,23,generation-cache,1,1,0,0,0
one-sided,5,23,intersection-only,1,0,0,1,0
one-sided,5,23,fresh-read,1,1,0,0,0
one-sided,5,23,guarded,1,1,0,0,0
bridge,0,0,central-latest,1,1,0,0,0
bridge,0,0,local-only,1,1,0,0,0
bridge,0,0,last-observation,1,1,0,0,0
bridge,0,0,generation-cache,1,1,0,0,0
bridge,0,0,intersection-only,1,1,0,0,0
bridge,0,0,fresh-read,1,1,0,0,0
bridge,0,0,guarded,1,1,0,0,0
bridge,0,1,central-latest,1,1,0,0,0
bridge,0,1,local-only,1,1,0,0,0
bridge,0,1,last-observation,1,1,0,0,0
bridge,0,1,generation-cache,1,1,0,0,0
bridge,0,1,intersection-only,1,1,0,0,0
bridge,0,1,fresh-read,1,1,0,0,0
bridge,0,1,guarded,1,1,0,0,0
bridge,0,2,central-latest,1,1,0,0,0
bridge,0,2,local-only,1,1,0,0,0
bridge,0,2,last-observation,1,1,0,0,0
bridge,0,2,generation-cache,1,1,0,0,0
bridge,0,2,intersection-only,1,1,0,0,0
bridge,0,2,fresh-read,1,1,0,0,0
bridge,0,2,guarded,1,1,0,0,0
bridge,0,3,central-latest,1,1,0,0,1
bridge,0,3,local-only,1,1,0,0,1
bridge,0,3,last-observation,1,1,0,0,1
bridge,0,3,generation-cache,1,1,0,0,1
bridge,0,3,intersection-only,1,1,0,0,1
bridge,0,3,fresh-read,1,0,0,1,1
bridge,0,3,guarded,1,0,0,1,1
bridge,0,4,central-latest,0,1,1,0,1
bridge,0,4,local-only,0,1,1,0,1
bridge,0,4,last-observation,0,1,1,0,1
bridge,0,4,generation-cache,0,1,1,0,1
bridge,0,4,intersection-only,0,1,1,0,1
bridge,0,4,fresh-read,0,0,0,0,1
bridge,0,4,guarded,0,0,0,0,1
bridge,0,5,central-latest,0,1,1,0,1
bridge,0,5,local-only,0,1,1,0,1
bridge,0,5,last-observation,0,1,1,0,1
bridge,0,5,generation-cache,0,1,1,0,1
bridge,0,5,intersection-only,0,1,1,0,1
bridge,0,5,fresh-read,0,0,0,0,1
bridge,0,5,guarded,0,0,0,0,1
bridge,0,6,central-latest,0,1,1,0,1
bridge,0,6,local-only,0,0,0,0,1
bridge,0,6,last-observation,0,0,0,0,1
bridge,0,6,generation-cache,0,0,0,0,1
bridge,0,6,intersection-only,0,0,0,0,1
bridge,0,6,fresh-read,0,0,0,0,1
bridge,0,6,guarded,0,0,0,0,1
bridge,0,7,central-latest,0,1,1,0,1
bridge,0,7,local-only,0,0,0,0,1
bridge,0,7,last-observation,0,0,0,0,1
bridge,0,7,generation-cache,0,0,0,0,1
bridge,0,7,intersection-only,0,0,0,0,1
bridge,0,7,fresh-read,0,0,0,0,1
bridge,0,7,guarded,0,0,0,0,1
bridge,0,8,central-latest,0,1,1,0,1
bridge,0,8,local-only,0,0,0,0,1
bridge,0,8,last-observation,0,0,0,0,1
bridge,0,8,generation-cache,0,0,0,0,1
bridge,0,8,intersection-only,0,0,0,0,1
bridge,0,8,fresh-read,0,0,0,0,1
bridge,0,8,guarded,0,0,0,0,1
bridge,0,9,central-latest,0,1,1,0,1
bridge,0,9,local-only,0,1,1,0,1
bridge,0,9,last-observation,0,1,1,0,1
bridge,0,9,generation-cache,0,1,1,0,1
bridge,0,9,intersection-only,0,1,1,0,1
bridge,0,9,fresh-read,0,0,0,0,1
bridge,0,9,guarded,0,0,0,0,1
bridge,0,10,central-latest,0,1,1,0,1
bridge,0,10,local-only,0,1,1,0,1
bridge,0,10,last-observation,0,1,1,0,1
bridge,0,10,generation-cache,0,1,1,0,1
bridge,0,10,intersection-only,0,1,1,0,1
bridge,0,10,fresh-read,0,0,0,0,1
bridge,0,10,guarded,0,0,0,0,1
bridge,0,11,central-latest,1,1,0,0,1
bridge,0,11,local-only,1,1,0,0,1
bridge,0,11,last-observation,1,1,0,0,1
bridge,0,11,generation-cache,1,1,0,0,1
bridge,0,11,intersection-only,1,1,0,0,1
bridge,0,11,fresh-read,1,0,0,1,1
bridge,0,11,guarded,1,0,0,1,1
bridge,0,12,central-latest,0,1,1,0,1
bridge,0,12,local-only,0,1,1,0,1
bridge,0,12,last-observation,0,1,1,0,1
bridge,0,12,generation-cache,0,1,1,0,1
bridge,0,12,intersection-only,0,1,1,0,1
bridge,0,12,fresh-read,0,0,0,0,1
bridge,0,12,guarded,0,0,0,0,1
bridge,0,13,central-latest,1,1,0,0,1
bridge,0,13,local-only,1,1,0,0,1
bridge,0,13,last-observation,1,1,0,0,1
bridge,0,13,generation-cache,1,1,0,0,1
bridge,0,13,intersection-only,1,1,0,0,1
bridge,0,13,fresh-read,1,0,0,1,1
bridge,0,13,guarded,1,0,0,1,1
bridge,0,14,central-latest,0,1,1,0,0
bridge,0,14,local-only,0,1,1,0,0
bridge,0,14,last-observation,0,1,1,0,0
bridge,0,14,generation-cache,0,1,1,0,0
bridge,0,14,intersection-only,0,1,1,0,0
bridge,0,14,fresh-read,0,0,0,0,0
bridge,0,14,guarded,0,0,0,0,0
bridge,0,15,central-latest,0,1,1,0,0
bridge,0,15,local-only,0,0,0,0,0
bridge,0,15,last-observation,0,0,0,0,0
bridge,0,15,generation-cache,0,0,0,0,0
bridge,0,15,intersection-only,0,0,0,0,0
bridge,0,15,fresh-read,0,0,0,0,0
bridge,0,15,guarded,0,0,0,0,0
bridge,0,16,central-latest,0,1,1,0,0
bridge,0,16,local-only,0,0,0,0,0
bridge,0,16,last-observation,0,0,0,0,0
bridge,0,16,generation-cache,0,0,0,0,0
bridge,0,16,intersection-only,0,0,0,0,0
bridge,0,16,fresh-read,0,0,0,0,0
bridge,0,16,guarded,0,0,0,0,0
bridge,0,17,central-latest,0,1,1,0,0
bridge,0,17,local-only,0,0,0,0,0
bridge,0,17,last-observation,0,0,0,0,0
bridge,0,17,generation-cache,0,0,0,0,0
bridge,0,17,intersection-only,0,0,0,0,0
bridge,0,17,fresh-read,0,0,0,0,0
bridge,0,17,guarded,0,0,0,0,0
bridge,0,18,central-latest,1,1,0,0,0
bridge,0,18,local-only,1,1,0,0,0
bridge,0,18,last-observation,1,1,0,0,0
bridge,0,18,generation-cache,1,1,0,0,0
bridge,0,18,intersection-only,1,1,0,0,0
bridge,0,18,fresh-read,1,1,0,0,0
bridge,0,18,guarded,1,1,0,0,0
bridge,0,19,central-latest,0,1,1,0,0
bridge,0,19,local-only,0,1,1,0,0
bridge,0,19,last-observation,0,0,0,0,0
bridge,0,19,generation-cache,0,0,0,0,0
bridge,0,19,intersection-only,0,0,0,0,0
bridge,0,19,fresh-read,0,0,0,0,0
bridge,0,19,guarded,0,0,0,0,0
bridge,0,20,central-latest,0,1,1,0,0
bridge,0,20,local-only,0,1,1,0,0
bridge,0,20,last-observation,0,1,1,0,0
bridge,0,20,generation-cache,0,0,0,0,0
bridge,0,20,intersection-only,0,0,0,0,0
bridge,0,20,fresh-read,0,0,0,0,0
bridge,0,20,guarded,0,0,0,0,0
bridge,0,21,central-latest,1,1,0,0,0
bridge,0,21,local-only,1,1,0,0,0
bridge,0,21,last-observation,1,1,0,0,0
bridge,0,21,generation-cache,1,1,0,0,0
bridge,0,21,intersection-only,1,1,0,0,0
bridge,0,21,fresh-read,1,1,0,0,0
bridge,0,21,guarded,1,1,0,0,0
bridge,0,22,central-latest,0,1,1,0,0
bridge,0,22,local-only,0,0,0,0,0
bridge,0,22,last-observation,0,0,0,0,0
bridge,0,22,generation-cache,0,0,0,0,0
bridge,0,22,intersection-only,0,0,0,0,0
bridge,0,22,fresh-read,0,0,0,0,0
bridge,0,22,guarded,0,0,0,0,0
bridge,0,23,central-latest,0,1,1,0,0
bridge,0,23,local-only,0,0,0,0,0
bridge,0,23,last-observation,0,0,0,0,0
bridge,0,23,generation-cache,0,0,0,0,0
bridge,0,23,intersection-only,0,0,0,0,0
bridge,0,23,fresh-read,0,0,0,0,0
bridge,0,23,guarded,0,0,0,0,0
bridge,1,0,central-latest,0,1,1,0,0
bridge,1,0,local-only,0,0,0,0,0
bridge,1,0,last-observation,0,0,0,0,0
bridge,1,0,generation-cache,0,0,0,0,0
bridge,1,0,intersection-only,0,0,0,0,0
bridge,1,0,fresh-read,0,0,0,0,0
bridge,1,0,guarded,0,0,0,0,0
bridge,1,1,central-latest,0,1,1,0,0
bridge,1,1,local-only,0,0,0,0,0
bridge,1,1,last-observation,0,0,0,0,0
bridge,1,1,generation-cache,0,0,0,0,0
bridge,1,1,intersection-only,0,0,0,0,0
bridge,1,1,fresh-read,0,0,0,0,0
bridge,1,1,guarded,0,0,0,0,0
bridge,1,2,central-latest,0,1,1,0,0
bridge,1,2,local-only,0,0,0,0,0
bridge,1,2,last-observation,0,0,0,0,0
bridge,1,2,generation-cache,0,0,0,0,0
bridge,1,2,intersection-only,0,0,0,0,0
bridge,1,2,fresh-read,0,0,0,0,0
bridge,1,2,guarded,0,0,0,0,0
bridge,1,3,central-latest,0,1,1,0,1
bridge,1,3,local-only,0,0,0,0,1
bridge,1,3,last-observation,0,0,0,0,1
bridge,1,3,generation-cache,0,0,0,0,1
bridge,1,3,intersection-only,0,0,0,0,1
bridge,1,3,fresh-read,0,0,0,0,1
bridge,1,3,guarded,0,0,0,0,1
bridge,1,4,central-latest,0,1,1,0,1
bridge,1,4,local-only,0,0,0,0,1
bridge,1,4,last-observation,0,0,0,0,1
bridge,1,4,generation-cache,0,0,0,0,1
bridge,1,4,intersection-only,0,0,0,0,1
bridge,1,4,fresh-read,0,0,0,0,1
bridge,1,4,guarded,0,0,0,0,1
bridge,1,5,central-latest,0,1,1,0,1
bridge,1,5,local-only,0,0,0,0,1
bridge,1,5,last-observation,0,0,0,0,1
bridge,1,5,generation-cache,0,0,0,0,1
bridge,1,5,intersection-only,0,0,0,0,1
bridge,1,5,fresh-read,0,0,0,0,1
bridge,1,5,guarded,0,0,0,0,1
bridge,1,6,central-latest,0,1,1,0,1
bridge,1,6,local-only,0,0,0,0,1
bridge,1,6,last-observation,0,0,0,0,1
bridge,1,6,generation-cache,0,0,0,0,1
bridge,1,6,intersection-only,0,0,0,0,1
bridge,1,6,fresh-read,0,0,0,0,1
bridge,1,6,guarded,0,0,0,0,1
bridge,1,7,central-latest,1,1,0,0,1
bridge,1,7,local-only,1,1,0,0,1
bridge,1,7,last-observation,1,1,0,0,1
bridge,1,7,generation-cache,1,1,0,0,1
bridge,1,7,intersection-only,1,1,0,0,1
bridge,1,7,fresh-read,1,0,0,1,1
bridge,1,7,guarded,1,0,0,1,1
bridge,1,8,central-latest,1,1,0,0,1
bridge,1,8,local-only,1,1,0,0,1
bridge,1,8,last-observation,1,1,0,0,1
bridge,1,8,generation-cache,1,1,0,0,1
bridge,1,8,intersection-only,1,1,0,0,1
bridge,1,8,fresh-read,1,0,0,1,1
bridge,1,8,guarded,1,0,0,1,1
bridge,1,9,central-latest,0,1,1,0,1
bridge,1,9,local-only,0,1,1,0,1
bridge,1,9,last-observation,0,1,1,0,1
bridge,1,9,generation-cache,0,1,1,0,1
bridge,1,9,intersection-only,0,1,1,0,1
bridge,1,9,fresh-read,0,0,0,0,1
bridge,1,9,guarded,0,0,0,0,1
bridge,1,10,central-latest,0,1,1,0,1
bridge,1,10,local-only,0,0,0,0,1
bridge,1,10,last-observation,0,0,0,0,1
bridge,1,10,generation-cache,0,0,0,0,1
bridge,1,10,intersection-only,0,0,0,0,1
bridge,1,10,fresh-read,0,0,0,0,1
bridge,1,10,guarded,0,0,0,0,1
bridge,1,11,central-latest,0,1,1,0,1
bridge,1,11,local-only,0,0,0,0,1
bridge,1,11,last-observation,0,0,0,0,1
bridge,1,11,generation-cache,0,0,0,0,1
bridge,1,11,intersection-only,0,0,0,0,1
bridge,1,11,fresh-read,0,0,0,0,1
bridge,1,11,guarded,0,0,0,0,1
bridge,1,12,central-latest,0,1,1,0,1
bridge,1,12,local-only,0,0,0,0,1
bridge,1,12,last-observation,0,0,0,0,1
bridge,1,12,generation-cache,0,0,0,0,1
bridge,1,12,intersection-only,0,0,0,0,1
bridge,1,12,fresh-read,0,0,0,0,1
bridge,1,12,guarded,0,0,0,0,1
bridge,1,13,central-latest,0,1,1,0,1
bridge,1,13,local-only,0,0,0,0,1
bridge,1,13,last-observation,0,0,0,0,1
bridge,1,13,generation-cache,0,0,0,0,1
bridge,1,13,intersection-only,0,0,0,0,1
bridge,1,13,fresh-read,0,0,0,0,1
bridge,1,13,guarded,0,0,0,0,1
bridge,1,14,central-latest,0,1,1,0,0
bridge,1,14,local-only,0,1,1,0,0
bridge,1,14,last-observation,0,1,1,0,0
bridge,1,14,generation-cache,0,1,1,0,0
bridge,1,14,intersection-only,0,1,1,0,0
bridge,1,14,fresh-read,0,0,0,0,0
bridge,1,14,guarded,0,0,0,0,0
bridge,1,15,central-latest,1,1,0,0,0
bridge,1,15,local-only,1,1,0,0,0
bridge,1,15,last-observation,1,1,0,0,0
bridge,1,15,generation-cache,1,1,0,0,0
bridge,1,15,intersection-only,1,1,0,0,0
bridge,1,15,fresh-read,1,1,0,0,0
bridge,1,15,guarded,1,1,0,0,0
bridge,1,16,central-latest,1,1,0,0,0
bridge,1,16,local-only,1,1,0,0,0
bridge,1,16,last-observation,1,1,0,0,0
bridge,1,16,generation-cache,1,1,0,0,0
bridge,1,16,intersection-only,1,1,0,0,0
bridge,1,16,fresh-read,1,1,0,0,0
bridge,1,16,guarded,1,1,0,0,0
bridge,1,17,central-latest,1,1,0,0,0
bridge,1,17,local-only,1,1,0,0,0
bridge,1,17,last-observation,1,1,0,0,0
bridge,1,17,generation-cache,1,1,0,0,0
bridge,1,17,intersection-only,1,1,0,0,0
bridge,1,17,fresh-read,1,1,0,0,0
bridge,1,17,guarded,1,1,0,0,0
bridge,1,18,central-latest,0,1,1,0,0
bridge,1,18,local-only,0,1,1,0,0
bridge,1,18,last-observation,0,0,0,0,0
bridge,1,18,generation-cache,0,0,0,0,0
bridge,1,18,intersection-only,0,0,0,0,0
bridge,1,18,fresh-read,0,0,0,0,0
bridge,1,18,guarded,0,0,0,0,0
bridge,1,19,central-latest,0,1,1,0,0
bridge,1,19,local-only,0,1,1,0,0
bridge,1,19,last-observation,0,0,0,0,0
bridge,1,19,generation-cache,0,0,0,0,0
bridge,1,19,intersection-only,0,0,0,0,0
bridge,1,19,fresh-read,0,0,0,0,0
bridge,1,19,guarded,0,0,0,0,0
bridge,1,20,central-latest,0,1,1,0,0
bridge,1,20,local-only,0,1,1,0,0
bridge,1,20,last-observation,0,1,1,0,0
bridge,1,20,generation-cache,0,0,0,0,0
bridge,1,20,intersection-only,0,0,0,0,0
bridge,1,20,fresh-read,0,0,0,0,0
bridge,1,20,guarded,0,0,0,0,0
bridge,1,21,central-latest,0,1,1,0,0
bridge,1,21,local-only,0,1,1,0,0
bridge,1,21,last-observation,0,0,0,0,0
bridge,1,21,generation-cache,0,0,0,0,0
bridge,1,21,intersection-only,0,0,0,0,0
bridge,1,21,fresh-read,0,0,0,0,0
bridge,1,21,guarded,0,0,0,0,0
bridge,1,22,central-latest,0,1,1,0,0
bridge,1,22,local-only,0,1,1,0,0
bridge,1,22,last-observation,0,0,0,0,0
bridge,1,22,generation-cache,0,0,0,0,0
bridge,1,22,intersection-only,0,0,0,0,0
bridge,1,22,fresh-read,0,0,0,0,0
bridge,1,22,guarded,0,0,0,0,0
bridge,1,23,central-latest,1,1,0,0,0
bridge,1,23,local-only,1,1,0,0,0
bridge,1,23,last-observation,1,0,0,1,0
bridge,1,23,generation-cache,1,0,0,1,0
bridge,1,23,intersection-only,1,0,0,1,0
bridge,1,23,fresh-read,1,1,0,0,0
bridge,1,23,guarded,1,1,0,0,0
bridge,2,0,central-latest,0,1,1,0,0
bridge,2,0,local-only,0,0,0,0,0
bridge,2,0,last-observation,0,0,0,0,0
bridge,2,0,generation-cache,0,0,0,0,0
bridge,2,0,intersection-only,0,0,0,0,0
bridge,2,0,fresh-read,0,0,0,0,0
bridge,2,0,guarded,0,0,0,0,0
bridge,2,1,central-latest,1,1,0,0,0
bridge,2,1,local-only,1,1,0,0,0
bridge,2,1,last-observation,1,1,0,0,0
bridge,2,1,generation-cache,1,1,0,0,0
bridge,2,1,intersection-only,1,1,0,0,0
bridge,2,1,fresh-read,1,1,0,0,0
bridge,2,1,guarded,1,1,0,0,0
bridge,2,2,central-latest,1,1,0,0,0
bridge,2,2,local-only,1,1,0,0,0
bridge,2,2,last-observation,1,1,0,0,0
bridge,2,2,generation-cache,1,1,0,0,0
bridge,2,2,intersection-only,1,1,0,0,0
bridge,2,2,fresh-read,1,1,0,0,0
bridge,2,2,guarded,1,1,0,0,0
bridge,2,3,central-latest,0,1,1,0,1
bridge,2,3,local-only,0,1,1,0,1
bridge,2,3,last-observation,0,1,1,0,1
bridge,2,3,generation-cache,0,1,1,0,1
bridge,2,3,intersection-only,0,1,1,0,1
bridge,2,3,fresh-read,0,0,0,0,1
bridge,2,3,guarded,0,0,0,0,1
bridge,2,4,central-latest,1,1,0,0,1
bridge,2,4,local-only,1,1,0,0,1
bridge,2,4,last-observation,1,1,0,0,1
bridge,2,4,generation-cache,1,1,0,0,1
bridge,2,4,intersection-only,1,1,0,0,1
bridge,2,4,fresh-read,1,0,0,1,1
bridge,2,4,guarded,1,0,0,1,1
bridge,2,5,central-latest,1,1,0,0,1
bridge,2,5,local-only,1,1,0,0,1
bridge,2,5,last-observation,1,1,0,0,1
bridge,2,5,generation-cache,1,1,0,0,1
bridge,2,5,intersection-only,1,1,0,0,1
bridge,2,5,fresh-read,1,0,0,1,1
bridge,2,5,guarded,1,0,0,1,1
bridge,2,6,central-latest,1,1,0,0,1
bridge,2,6,local-only,1,1,0,0,1
bridge,2,6,last-observation,1,1,0,0,1
bridge,2,6,generation-cache,1,1,0,0,1
bridge,2,6,intersection-only,1,1,0,0,1
bridge,2,6,fresh-read,1,0,0,1,1
bridge,2,6,guarded,1,0,0,1,1
bridge,2,7,central-latest,0,1,1,0,1
bridge,2,7,local-only,0,1,1,0,1
bridge,2,7,last-observation,0,1,1,0,1
bridge,2,7,generation-cache,0,1,1,0,1
bridge,2,7,intersection-only,0,1,1,0,1
bridge,2,7,fresh-read,0,0,0,0,1
bridge,2,7,guarded,0,0,0,0,1
bridge,2,8,central-latest,0,1,1,0,1
bridge,2,8,local-only,0,1,1,0,1
bridge,2,8,last-observation,0,1,1,0,1
bridge,2,8,generation-cache,0,1,1,0,1
bridge,2,8,intersection-only,0,1,1,0,1
bridge,2,8,fresh-read,0,0,0,0,1
bridge,2,8,guarded,0,0,0,0,1
bridge,2,9,central-latest,1,1,0,0,1
bridge,2,9,local-only,1,1,0,0,1
bridge,2,9,last-observation,1,1,0,0,1
bridge,2,9,generation-cache,1,1,0,0,1
bridge,2,9,intersection-only,1,1,0,0,1
bridge,2,9,fresh-read,1,0,0,1,1
bridge,2,9,guarded,1,0,0,1,1
bridge,2,10,central-latest,1,1,0,0,1
bridge,2,10,local-only,1,1,0,0,1
bridge,2,10,last-observation,1,1,0,0,1
bridge,2,10,generation-cache,1,1,0,0,1
bridge,2,10,intersection-only,1,1,0,0,1
bridge,2,10,fresh-read,1,0,0,1,1
bridge,2,10,guarded,1,0,0,1,1
bridge,2,11,central-latest,1,1,0,0,1
bridge,2,11,local-only,1,1,0,0,1
bridge,2,11,last-observation,1,1,0,0,1
bridge,2,11,generation-cache,1,1,0,0,1
bridge,2,11,intersection-only,1,1,0,0,1
bridge,2,11,fresh-read,1,0,0,1,1
bridge,2,11,guarded,1,0,0,1,1
bridge,2,12,central-latest,1,1,0,0,1
bridge,2,12,local-only,1,1,0,0,1
bridge,2,12,last-observation,1,1,0,0,1
bridge,2,12,generation-cache,1,1,0,0,1
bridge,2,12,intersection-only,1,1,0,0,1
bridge,2,12,fresh-read,1,0,0,1,1
bridge,2,12,guarded,1,0,0,1,1
bridge,2,13,central-latest,1,1,0,0,1
bridge,2,13,local-only,1,1,0,0,1
bridge,2,13,last-observation,1,1,0,0,1
bridge,2,13,generation-cache,1,1,0,0,1
bridge,2,13,intersection-only,1,1,0,0,1
bridge,2,13,fresh-read,1,0,0,1,1
bridge,2,13,guarded,1,0,0,1,1
bridge,2,14,central-latest,1,1,0,0,0
bridge,2,14,local-only,1,1,0,0,0
bridge,2,14,last-observation,1,1,0,0,0
bridge,2,14,generation-cache,1,1,0,0,0
bridge,2,14,intersection-only,1,1,0,0,0
bridge,2,14,fresh-read,1,1,0,0,0
bridge,2,14,guarded,1,1,0,0,0
bridge,2,15,central-latest,0,1,1,0,0
bridge,2,15,local-only,0,1,1,0,0
bridge,2,15,last-observation,0,1,1,0,0
bridge,2,15,generation-cache,0,0,0,0,0
bridge,2,15,intersection-only,0,0,0,0,0
bridge,2,15,fresh-read,0,0,0,0,0
bridge,2,15,guarded,0,0,0,0,0
bridge,2,16,central-latest,1,1,0,0,0
bridge,2,16,local-only,1,1,0,0,0
bridge,2,16,last-observation,1,1,0,0,0
bridge,2,16,generation-cache,1,1,0,0,0
bridge,2,16,intersection-only,1,1,0,0,0
bridge,2,16,fresh-read,1,1,0,0,0
bridge,2,16,guarded,1,1,0,0,0
bridge,2,17,central-latest,1,1,0,0,0
bridge,2,17,local-only,1,1,0,0,0
bridge,2,17,last-observation,1,1,0,0,0
bridge,2,17,generation-cache,1,1,0,0,0
bridge,2,17,intersection-only,1,1,0,0,0
bridge,2,17,fresh-read,1,1,0,0,0
bridge,2,17,guarded,1,1,0,0,0
bridge,2,18,central-latest,1,1,0,0,0
bridge,2,18,local-only,1,1,0,0,0
bridge,2,18,last-observation,1,1,0,0,0
bridge,2,18,generation-cache,1,1,0,0,0
bridge,2,18,intersection-only,1,1,0,0,0
bridge,2,18,fresh-read,1,1,0,0,0
bridge,2,18,guarded,1,1,0,0,0
bridge,2,19,central-latest,1,1,0,0,0
bridge,2,19,local-only,1,1,0,0,0
bridge,2,19,last-observation,1,1,0,0,0
bridge,2,19,generation-cache,1,1,0,0,0
bridge,2,19,intersection-only,1,1,0,0,0
bridge,2,19,fresh-read,1,1,0,0,0
bridge,2,19,guarded,1,1,0,0,0
bridge,2,20,central-latest,1,1,0,0,0
bridge,2,20,local-only,1,1,0,0,0
bridge,2,20,last-observation,1,1,0,0,0
bridge,2,20,generation-cache,1,1,0,0,0
bridge,2,20,intersection-only,1,1,0,0,0
bridge,2,20,fresh-read,1,1,0,0,0
bridge,2,20,guarded,1,1,0,0,0
bridge,2,21,central-latest,1,1,0,0,0
bridge,2,21,local-only,1,1,0,0,0
bridge,2,21,last-observation,1,1,0,0,0
bridge,2,21,generation-cache,1,1,0,0,0
bridge,2,21,intersection-only,1,1,0,0,0
bridge,2,21,fresh-read,1,1,0,0,0
bridge,2,21,guarded,1,1,0,0,0
bridge,2,22,central-latest,1,1,0,0,0
bridge,2,22,local-only,1,1,0,0,0
bridge,2,22,last-observation,1,1,0,0,0
bridge,2,22,generation-cache,1,1,0,0,0
bridge,2,22,intersection-only,1,1,0,0,0
bridge,2,22,fresh-read,1,1,0,0,0
bridge,2,22,guarded,1,1,0,0,0
bridge,2,23,central-latest,1,1,0,0,0
bridge,2,23,local-only,1,1,0,0,0
bridge,2,23,last-observation,1,1,0,0,0
bridge,2,23,generation-cache,1,1,0,0,0
bridge,2,23,intersection-only,1,1,0,0,0
bridge,2,23,fresh-read,1,1,0,0,0
bridge,2,23,guarded,1,1,0,0,0
bridge,3,0,central-latest,1,1,0,0,0
bridge,3,0,local-only,1,1,0,0,0
bridge,3,0,last-observation,1,1,0,0,0
bridge,3,0,generation-cache,1,1,0,0,0
bridge,3,0,intersection-only,1,1,0,0,0
bridge,3,0,fresh-read,1,1,0,0,0
bridge,3,0,guarded,1,1,0,0,0
bridge,3,1,central-latest,1,1,0,0,0
bridge,3,1,local-only,1,1,0,0,0
bridge,3,1,last-observation,1,1,0,0,0
bridge,3,1,generation-cache,1,1,0,0,0
bridge,3,1,intersection-only,1,1,0,0,0
bridge,3,1,fresh-read,1,1,0,0,0
bridge,3,1,guarded,1,1,0,0,0
bridge,3,2,central-latest,0,1,1,0,0
bridge,3,2,local-only,0,0,0,0,0
bridge,3,2,last-observation,0,0,0,0,0
bridge,3,2,generation-cache,0,0,0,0,0
bridge,3,2,intersection-only,0,0,0,0,0
bridge,3,2,fresh-read,0,0,0,0,0
bridge,3,2,guarded,0,0,0,0,0
bridge,3,3,central-latest,0,1,1,0,1
bridge,3,3,local-only,0,0,0,0,1
bridge,3,3,last-observation,0,0,0,0,1
bridge,3,3,generation-cache,0,0,0,0,1
bridge,3,3,intersection-only,0,0,0,0,1
bridge,3,3,fresh-read,0,0,0,0,1
bridge,3,3,guarded,0,0,0,0,1
bridge,3,4,central-latest,0,1,1,0,1
bridge,3,4,local-only,0,1,1,0,1
bridge,3,4,last-observation,0,1,1,0,1
bridge,3,4,generation-cache,0,1,1,0,1
bridge,3,4,intersection-only,0,1,1,0,1
bridge,3,4,fresh-read,0,0,0,0,1
bridge,3,4,guarded,0,0,0,0,1
bridge,3,5,central-latest,1,1,0,0,1
bridge,3,5,local-only,1,1,0,0,1
bridge,3,5,last-observation,1,1,0,0,1
bridge,3,5,generation-cache,1,1,0,0,1
bridge,3,5,intersection-only,1,1,0,0,1
bridge,3,5,fresh-read,1,0,0,1,1
bridge,3,5,guarded,1,0,0,1,1
bridge,3,6,central-latest,1,1,0,0,1
bridge,3,6,local-only,1,1,0,0,1
bridge,3,6,last-observation,1,1,0,0,1
bridge,3,6,generation-cache,1,1,0,0,1
bridge,3,6,intersection-only,1,1,0,0,1
bridge,3,6,fresh-read,1,0,0,1,1
bridge,3,6,guarded,1,0,0,1,1
bridge,3,7,central-latest,1,1,0,0,1
bridge,3,7,local-only,1,1,0,0,1
bridge,3,7,last-observation,1,1,0,0,1
bridge,3,7,generation-cache,1,1,0,0,1
bridge,3,7,intersection-only,1,1,0,0,1
bridge,3,7,fresh-read,1,0,0,1,1
bridge,3,7,guarded,1,0,0,1,1
bridge,3,8,central-latest,0,1,1,0,1
bridge,3,8,local-only,0,1,1,0,1
bridge,3,8,last-observation,0,1,1,0,1
bridge,3,8,generation-cache,0,1,1,0,1
bridge,3,8,intersection-only,0,1,1,0,1
bridge,3,8,fresh-read,0,0,0,0,1
bridge,3,8,guarded,0,0,0,0,1
bridge,3,9,central-latest,0,1,1,0,1
bridge,3,9,local-only,0,1,1,0,1
bridge,3,9,last-observation,0,1,1,0,1
bridge,3,9,generation-cache,0,1,1,0,1
bridge,3,9,intersection-only,0,1,1,0,1
bridge,3,9,fresh-read,0,0,0,0,1
bridge,3,9,guarded,0,0,0,0,1
bridge,3,10,central-latest,0,1,1,0,1
bridge,3,10,local-only,0,1,1,0,1
bridge,3,10,last-observation,0,1,1,0,1
bridge,3,10,generation-cache,0,1,1,0,1
bridge,3,10,intersection-only,0,1,1,0,1
bridge,3,10,fresh-read,0,0,0,0,1
bridge,3,10,guarded,0,0,0,0,1
bridge,3,11,central-latest,0,1,1,0,1
bridge,3,11,local-only,0,1,1,0,1
bridge,3,11,last-observation,0,1,1,0,1
bridge,3,11,generation-cache,0,1,1,0,1
bridge,3,11,intersection-only,0,1,1,0,1
bridge,3,11,fresh-read,0,0,0,0,1
bridge,3,11,guarded,0,0,0,0,1
bridge,3,12,central-latest,1,1,0,0,1
bridge,3,12,local-only,1,1,0,0,1
bridge,3,12,last-observation,1,1,0,0,1
bridge,3,12,generation-cache,1,1,0,0,1
bridge,3,12,intersection-only,1,1,0,0,1
bridge,3,12,fresh-read,1,0,0,1,1
bridge,3,12,guarded,1,0,0,1,1
bridge,3,13,central-latest,1,1,0,0,1
bridge,3,13,local-only,1,1,0,0,1
bridge,3,13,last-observation,1,1,0,0,1
bridge,3,13,generation-cache,1,1,0,0,1
bridge,3,13,intersection-only,1,1,0,0,1
bridge,3,13,fresh-read,1,0,0,1,1
bridge,3,13,guarded,1,0,0,1,1
bridge,3,14,central-latest,0,1,1,0,0
bridge,3,14,local-only,0,1,1,0,0
bridge,3,14,last-observation,0,1,1,0,0
bridge,3,14,generation-cache,0,1,1,0,0
bridge,3,14,intersection-only,0,1,1,0,0
bridge,3,14,fresh-read,0,0,0,0,0
bridge,3,14,guarded,0,0,0,0,0
bridge,3,15,central-latest,0,1,1,0,0
bridge,3,15,local-only,0,1,1,0,0
bridge,3,15,last-observation,0,1,1,0,0
bridge,3,15,generation-cache,0,0,0,0,0
bridge,3,15,intersection-only,0,0,0,0,0
bridge,3,15,fresh-read,0,0,0,0,0
bridge,3,15,guarded,0,0,0,0,0
bridge,3,16,central-latest,0,1,1,0,0
bridge,3,16,local-only,0,1,1,0,0
bridge,3,16,last-observation,0,1,1,0,0
bridge,3,16,generation-cache,0,0,0,0,0
bridge,3,16,intersection-only,0,0,0,0,0
bridge,3,16,fresh-read,0,0,0,0,0
bridge,3,16,guarded,0,0,0,0,0
bridge,3,17,central-latest,1,1,0,0,0
bridge,3,17,local-only,1,1,0,0,0
bridge,3,17,last-observation,1,1,0,0,0
bridge,3,17,generation-cache,1,0,0,1,0
bridge,3,17,intersection-only,1,0,0,1,0
bridge,3,17,fresh-read,1,1,0,0,0
bridge,3,17,guarded,1,1,0,0,0
bridge,3,18,central-latest,1,1,0,0,0
bridge,3,18,local-only,1,1,0,0,0
bridge,3,18,last-observation,1,1,0,0,0
bridge,3,18,generation-cache,1,1,0,0,0
bridge,3,18,intersection-only,1,1,0,0,0
bridge,3,18,fresh-read,1,1,0,0,0
bridge,3,18,guarded,1,1,0,0,0
bridge,3,19,central-latest,1,1,0,0,0
bridge,3,19,local-only,1,1,0,0,0
bridge,3,19,last-observation,1,1,0,0,0
bridge,3,19,generation-cache,1,1,0,0,0
bridge,3,19,intersection-only,1,1,0,0,0
bridge,3,19,fresh-read,1,1,0,0,0
bridge,3,19,guarded,1,1,0,0,0
bridge,3,20,central-latest,0,1,1,0,0
bridge,3,20,local-only,0,1,1,0,0
bridge,3,20,last-observation,0,1,1,0,0
bridge,3,20,generation-cache,0,1,1,0,0
bridge,3,20,intersection-only,0,1,1,0,0
bridge,3,20,fresh-read,0,0,0,0,0
bridge,3,20,guarded,0,0,0,0,0
bridge,3,21,central-latest,1,1,0,0,0
bridge,3,21,local-only,1,1,0,0,0
bridge,3,21,last-observation,1,1,0,0,0
bridge,3,21,generation-cache,1,1,0,0,0
bridge,3,21,intersection-only,1,1,0,0,0
bridge,3,21,fresh-read,1,1,0,0,0
bridge,3,21,guarded,1,1,0,0,0
bridge,3,22,central-latest,0,1,1,0,0
bridge,3,22,local-only,0,1,1,0,0
bridge,3,22,last-observation,0,1,1,0,0
bridge,3,22,generation-cache,0,1,1,0,0
bridge,3,22,intersection-only,0,1,1,0,0
bridge,3,22,fresh-read,0,0,0,0,0
bridge,3,22,guarded,0,0,0,0,0
bridge,3,23,central-latest,1,1,0,0,0
bridge,3,23,local-only,1,1,0,0,0
bridge,3,23,last-observation,1,1,0,0,0
bridge,3,23,generation-cache,1,1,0,0,0
bridge,3,23,intersection-only,1,1,0,0,0
bridge,3,23,fresh-read,1,1,0,0,0
bridge,3,23,guarded,1,1,0,0,0
bridge,4,0,central-latest,1,1,0,0,0
bridge,4,0,local-only,1,1,0,0,0
bridge,4,0,last-observation,1,1,0,0,0
bridge,4,0,generation-cache,1,1,0,0,0
bridge,4,0,intersection-only,1,1,0,0,0
bridge,4,0,fresh-read,1,1,0,0,0
bridge,4,0,guarded,1,1,0,0,0
bridge,4,1,central-latest,1,1,0,0,0
bridge,4,1,local-only,1,1,0,0,0
bridge,4,1,last-observation,1,1,0,0,0
bridge,4,1,generation-cache,1,1,0,0,0
bridge,4,1,intersection-only,1,1,0,0,0
bridge,4,1,fresh-read,1,1,0,0,0
bridge,4,1,guarded,1,1,0,0,0
bridge,4,2,central-latest,1,1,0,0,0
bridge,4,2,local-only,1,1,0,0,0
bridge,4,2,last-observation,1,1,0,0,0
bridge,4,2,generation-cache,1,1,0,0,0
bridge,4,2,intersection-only,1,1,0,0,0
bridge,4,2,fresh-read,1,1,0,0,0
bridge,4,2,guarded,1,1,0,0,0
bridge,4,3,central-latest,0,1,1,0,1
bridge,4,3,local-only,0,0,0,0,1
bridge,4,3,last-observation,0,0,0,0,1
bridge,4,3,generation-cache,0,0,0,0,1
bridge,4,3,intersection-only,0,0,0,0,1
bridge,4,3,fresh-read,0,0,0,0,1
bridge,4,3,guarded,0,0,0,0,1
bridge,4,4,central-latest,1,1,0,0,1
bridge,4,4,local-only,1,1,0,0,1
bridge,4,4,last-observation,1,1,0,0,1
bridge,4,4,generation-cache,1,1,0,0,1
bridge,4,4,intersection-only,1,1,0,0,1
bridge,4,4,fresh-read,1,0,0,1,1
bridge,4,4,guarded,1,0,0,1,1
bridge,4,5,central-latest,0,1,1,0,1
bridge,4,5,local-only,0,1,1,0,1
bridge,4,5,last-observation,0,1,1,0,1
bridge,4,5,generation-cache,0,1,1,0,1
bridge,4,5,intersection-only,0,1,1,0,1
bridge,4,5,fresh-read,0,0,0,0,1
bridge,4,5,guarded,0,0,0,0,1
bridge,4,6,central-latest,0,1,1,0,1
bridge,4,6,local-only,0,1,1,0,1
bridge,4,6,last-observation,0,1,1,0,1
bridge,4,6,generation-cache,0,1,1,0,1
bridge,4,6,intersection-only,0,1,1,0,1
bridge,4,6,fresh-read,0,0,0,0,1
bridge,4,6,guarded,0,0,0,0,1
bridge,4,7,central-latest,0,1,1,0,1
bridge,4,7,local-only,0,1,1,0,1
bridge,4,7,last-observation,0,1,1,0,1
bridge,4,7,generation-cache,0,1,1,0,1
bridge,4,7,intersection-only,0,1,1,0,1
bridge,4,7,fresh-read,0,0,0,0,1
bridge,4,7,guarded,0,0,0,0,1
bridge,4,8,central-latest,0,1,1,0,1
bridge,4,8,local-only,0,1,1,0,1
bridge,4,8,last-observation,0,1,1,0,1
bridge,4,8,generation-cache,0,1,1,0,1
bridge,4,8,intersection-only,0,1,1,0,1
bridge,4,8,fresh-read,0,0,0,0,1
bridge,4,8,guarded,0,0,0,0,1
bridge,4,9,central-latest,0,1,1,0,1
bridge,4,9,local-only,0,0,0,0,1
bridge,4,9,last-observation,0,0,0,0,1
bridge,4,9,generation-cache,0,0,0,0,1
bridge,4,9,intersection-only,0,0,0,0,1
bridge,4,9,fresh-read,0,0,0,0,1
bridge,4,9,guarded,0,0,0,0,1
bridge,4,10,central-latest,0,1,1,0,1
bridge,4,10,local-only,0,0,0,0,1
bridge,4,10,last-observation,0,0,0,0,1
bridge,4,10,generation-cache,0,0,0,0,1
bridge,4,10,intersection-only,0,0,0,0,1
bridge,4,10,fresh-read,0,0,0,0,1
bridge,4,10,guarded,0,0,0,0,1
bridge,4,11,central-latest,0,1,1,0,1
bridge,4,11,local-only,0,1,1,0,1
bridge,4,11,last-observation,0,1,1,0,1
bridge,4,11,generation-cache,0,1,1,0,1
bridge,4,11,intersection-only,0,1,1,0,1
bridge,4,11,fresh-read,0,0,0,0,1
bridge,4,11,guarded,0,0,0,0,1
bridge,4,12,central-latest,0,1,1,0,1
bridge,4,12,local-only,0,1,1,0,1
bridge,4,12,last-observation,0,1,1,0,1
bridge,4,12,generation-cache,0,1,1,0,1
bridge,4,12,intersection-only,0,1,1,0,1
bridge,4,12,fresh-read,0,0,0,0,1
bridge,4,12,guarded,0,0,0,0,1
bridge,4,13,central-latest,0,1,1,0,1
bridge,4,13,local-only,0,1,1,0,1
bridge,4,13,last-observation,0,1,1,0,1
bridge,4,13,generation-cache,0,1,1,0,1
bridge,4,13,intersection-only,0,1,1,0,1
bridge,4,13,fresh-read,0,0,0,0,1
bridge,4,13,guarded,0,0,0,0,1
bridge,4,14,central-latest,1,1,0,0,0
bridge,4,14,local-only,1,1,0,0,0
bridge,4,14,last-observation,1,1,0,0,0
bridge,4,14,generation-cache,1,1,0,0,0
bridge,4,14,intersection-only,1,1,0,0,0
bridge,4,14,fresh-read,1,1,0,0,0
bridge,4,14,guarded,1,1,0,0,0
bridge,4,15,central-latest,1,1,0,0,0
bridge,4,15,local-only,1,1,0,0,0
bridge,4,15,last-observation,1,1,0,0,0
bridge,4,15,generation-cache,1,1,0,0,0
bridge,4,15,intersection-only,1,1,0,0,0
bridge,4,15,fresh-read,1,1,0,0,0
bridge,4,15,guarded,1,1,0,0,0
bridge,4,16,central-latest,1,1,0,0,0
bridge,4,16,local-only,1,1,0,0,0
bridge,4,16,last-observation,1,1,0,0,0
bridge,4,16,generation-cache,1,1,0,0,0
bridge,4,16,intersection-only,1,1,0,0,0
bridge,4,16,fresh-read,1,1,0,0,0
bridge,4,16,guarded,1,1,0,0,0
bridge,4,17,central-latest,0,1,1,0,0
bridge,4,17,local-only,0,1,1,0,0
bridge,4,17,last-observation,0,1,1,0,0
bridge,4,17,generation-cache,0,1,1,0,0
bridge,4,17,intersection-only,0,1,1,0,0
bridge,4,17,fresh-read,0,0,0,0,0
bridge,4,17,guarded,0,0,0,0,0
bridge,4,18,central-latest,0,1,1,0,0
bridge,4,18,local-only,0,1,1,0,0
bridge,4,18,last-observation,0,0,0,0,0
bridge,4,18,generation-cache,0,0,0,0,0
bridge,4,18,intersection-only,0,0,0,0,0
bridge,4,18,fresh-read,0,0,0,0,0
bridge,4,18,guarded,0,0,0,0,0
bridge,4,19,central-latest,1,1,0,0,0
bridge,4,19,local-only,1,1,0,0,0
bridge,4,19,last-observation,1,0,0,1,0
bridge,4,19,generation-cache,1,0,0,1,0
bridge,4,19,intersection-only,1,0,0,1,0
bridge,4,19,fresh-read,1,1,0,0,0
bridge,4,19,guarded,1,1,0,0,0
bridge,4,20,central-latest,1,1,0,0,0
bridge,4,20,local-only,1,1,0,0,0
bridge,4,20,last-observation,1,1,0,0,0
bridge,4,20,generation-cache,1,0,0,1,0
bridge,4,20,intersection-only,1,0,0,1,0
bridge,4,20,fresh-read,1,1,0,0,0
bridge,4,20,guarded,1,1,0,0,0
bridge,4,21,central-latest,1,1,0,0,0
bridge,4,21,local-only,1,1,0,0,0
bridge,4,21,last-observation,1,1,0,0,0
bridge,4,21,generation-cache,1,1,0,0,0
bridge,4,21,intersection-only,1,1,0,0,0
bridge,4,21,fresh-read,1,1,0,0,0
bridge,4,21,guarded,1,1,0,0,0
bridge,4,22,central-latest,1,1,0,0,0
bridge,4,22,local-only,1,1,0,0,0
bridge,4,22,last-observation,1,1,0,0,0
bridge,4,22,generation-cache,1,1,0,0,0
bridge,4,22,intersection-only,1,1,0,0,0
bridge,4,22,fresh-read,1,1,0,0,0
bridge,4,22,guarded,1,1,0,0,0
bridge,4,23,central-latest,1,1,0,0,0
bridge,4,23,local-only,1,1,0,0,0
bridge,4,23,last-observation,1,0,0,1,0
bridge,4,23,generation-cache,1,0,0,1,0
bridge,4,23,intersection-only,1,0,0,1,0
bridge,4,23,fresh-read,1,1,0,0,0
bridge,4,23,guarded,1,1,0,0,0
bridge,5,0,central-latest,0,1,1,0,0
bridge,5,0,local-only,0,1,1,0,0
bridge,5,0,last-observation,0,0,0,0,0
bridge,5,0,generation-cache,0,0,0,0,0
bridge,5,0,intersection-only,0,0,0,0,0
bridge,5,0,fresh-read,0,0,0,0,0
bridge,5,0,guarded,0,0,0,0,0
bridge,5,1,central-latest,1,1,0,0,0
bridge,5,1,local-only,1,1,0,0,0
bridge,5,1,last-observation,1,1,0,0,0
bridge,5,1,generation-cache,1,1,0,0,0
bridge,5,1,intersection-only,1,1,0,0,0
bridge,5,1,fresh-read,1,1,0,0,0
bridge,5,1,guarded,1,1,0,0,0
bridge,5,2,central-latest,0,1,1,0,0
bridge,5,2,local-only,0,0,0,0,0
bridge,5,2,last-observation,0,0,0,0,0
bridge,5,2,generation-cache,0,0,0,0,0
bridge,5,2,intersection-only,0,0,0,0,0
bridge,5,2,fresh-read,0,0,0,0,0
bridge,5,2,guarded,0,0,0,0,0
bridge,5,3,central-latest,0,1,1,0,1
bridge,5,3,local-only,0,0,0,0,1
bridge,5,3,last-observation,0,0,0,0,1
bridge,5,3,generation-cache,0,0,0,0,1
bridge,5,3,intersection-only,0,0,0,0,1
bridge,5,3,fresh-read,0,0,0,0,1
bridge,5,3,guarded,0,0,0,0,1
bridge,5,4,central-latest,0,1,1,0,1
bridge,5,4,local-only,0,0,0,0,1
bridge,5,4,last-observation,0,0,0,0,1
bridge,5,4,generation-cache,0,0,0,0,1
bridge,5,4,intersection-only,0,0,0,0,1
bridge,5,4,fresh-read,0,0,0,0,1
bridge,5,4,guarded,0,0,0,0,1
bridge,5,5,central-latest,1,1,0,0,1
bridge,5,5,local-only,1,1,0,0,1
bridge,5,5,last-observation,1,1,0,0,1
bridge,5,5,generation-cache,1,1,0,0,1
bridge,5,5,intersection-only,1,1,0,0,1
bridge,5,5,fresh-read,1,0,0,1,1
bridge,5,5,guarded,1,0,0,1,1
bridge,5,6,central-latest,1,1,0,0,1
bridge,5,6,local-only,1,1,0,0,1
bridge,5,6,last-observation,1,0,0,1,1
bridge,5,6,generation-cache,1,0,0,1,1
bridge,5,6,intersection-only,1,0,0,1,1
bridge,5,6,fresh-read,1,0,0,1,1
bridge,5,6,guarded,1,0,0,1,1
bridge,5,7,central-latest,1,1,0,0,1
bridge,5,7,local-only,1,1,0,0,1
bridge,5,7,last-observation,1,0,0,1,1
bridge,5,7,generation-cache,1,0,0,1,1
bridge,5,7,intersection-only,1,0,0,1,1
bridge,5,7,fresh-read,1,0,0,1,1
bridge,5,7,guarded,1,0,0,1,1
bridge,5,8,central-latest,0,1,1,0,1
bridge,5,8,local-only,0,1,1,0,1
bridge,5,8,last-observation,0,0,0,0,1
bridge,5,8,generation-cache,0,0,0,0,1
bridge,5,8,intersection-only,0,0,0,0,1
bridge,5,8,fresh-read,0,0,0,0,1
bridge,5,8,guarded,0,0,0,0,1
bridge,5,9,central-latest,1,1,0,0,1
bridge,5,9,local-only,1,1,0,0,1
bridge,5,9,last-observation,1,1,0,0,1
bridge,5,9,generation-cache,1,1,0,0,1
bridge,5,9,intersection-only,1,1,0,0,1
bridge,5,9,fresh-read,1,0,0,1,1
bridge,5,9,guarded,1,0,0,1,1
bridge,5,10,central-latest,0,1,1,0,1
bridge,5,10,local-only,0,0,0,0,1
bridge,5,10,last-observation,0,0,0,0,1
bridge,5,10,generation-cache,0,0,0,0,1
bridge,5,10,intersection-only,0,0,0,0,1
bridge,5,10,fresh-read,0,0,0,0,1
bridge,5,10,guarded,0,0,0,0,1
bridge,5,11,central-latest,1,1,0,0,1
bridge,5,11,local-only,1,1,0,0,1
bridge,5,11,last-observation,1,1,0,0,1
bridge,5,11,generation-cache,1,1,0,0,1
bridge,5,11,intersection-only,1,1,0,0,1
bridge,5,11,fresh-read,1,0,0,1,1
bridge,5,11,guarded,1,0,0,1,1
bridge,5,12,central-latest,0,1,1,0,1
bridge,5,12,local-only,0,1,1,0,1
bridge,5,12,last-observation,0,0,0,0,1
bridge,5,12,generation-cache,0,0,0,0,1
bridge,5,12,intersection-only,0,0,0,0,1
bridge,5,12,fresh-read,0,0,0,0,1
bridge,5,12,guarded,0,0,0,0,1
bridge,5,13,central-latest,0,1,1,0,1
bridge,5,13,local-only,0,0,0,0,1
bridge,5,13,last-observation,0,0,0,0,1
bridge,5,13,generation-cache,0,0,0,0,1
bridge,5,13,intersection-only,0,0,0,0,1
bridge,5,13,fresh-read,0,0,0,0,1
bridge,5,13,guarded,0,0,0,0,1
bridge,5,14,central-latest,0,1,1,0,0
bridge,5,14,local-only,0,1,1,0,0
bridge,5,14,last-observation,0,0,0,0,0
bridge,5,14,generation-cache,0,0,0,0,0
bridge,5,14,intersection-only,0,0,0,0,0
bridge,5,14,fresh-read,0,0,0,0,0
bridge,5,14,guarded,0,0,0,0,0
bridge,5,15,central-latest,0,1,1,0,0
bridge,5,15,local-only,0,1,1,0,0
bridge,5,15,last-observation,0,0,0,0,0
bridge,5,15,generation-cache,0,0,0,0,0
bridge,5,15,intersection-only,0,0,0,0,0
bridge,5,15,fresh-read,0,0,0,0,0
bridge,5,15,guarded,0,0,0,0,0
bridge,5,16,central-latest,0,1,1,0,0
bridge,5,16,local-only,0,1,1,0,0
bridge,5,16,last-observation,0,0,0,0,0
bridge,5,16,generation-cache,0,0,0,0,0
bridge,5,16,intersection-only,0,0,0,0,0
bridge,5,16,fresh-read,0,0,0,0,0
bridge,5,16,guarded,0,0,0,0,0
bridge,5,17,central-latest,0,1,1,0,0
bridge,5,17,local-only,0,1,1,0,0
bridge,5,17,last-observation,0,0,0,0,0
bridge,5,17,generation-cache,0,0,0,0,0
bridge,5,17,intersection-only,0,0,0,0,0
bridge,5,17,fresh-read,0,0,0,0,0
bridge,5,17,guarded,0,0,0,0,0
bridge,5,18,central-latest,0,1,1,0,0
bridge,5,18,local-only,0,1,1,0,0
bridge,5,18,last-observation,0,0,0,0,0
bridge,5,18,generation-cache,0,0,0,0,0
bridge,5,18,intersection-only,0,0,0,0,0
bridge,5,18,fresh-read,0,0,0,0,0
bridge,5,18,guarded,0,0,0,0,0
bridge,5,19,central-latest,0,1,1,0,0
bridge,5,19,local-only,0,1,1,0,0
bridge,5,19,last-observation,0,0,0,0,0
bridge,5,19,generation-cache,0,0,0,0,0
bridge,5,19,intersection-only,0,0,0,0,0
bridge,5,19,fresh-read,0,0,0,0,0
bridge,5,19,guarded,0,0,0,0,0
bridge,5,20,central-latest,1,1,0,0,0
bridge,5,20,local-only,1,1,0,0,0
bridge,5,20,last-observation,1,1,0,0,0
bridge,5,20,generation-cache,1,1,0,0,0
bridge,5,20,intersection-only,1,1,0,0,0
bridge,5,20,fresh-read,1,1,0,0,0
bridge,5,20,guarded,1,1,0,0,0
bridge,5,21,central-latest,0,1,1,0,0
bridge,5,21,local-only,0,1,1,0,0
bridge,5,21,last-observation,0,0,0,0,0
bridge,5,21,generation-cache,0,0,0,0,0
bridge,5,21,intersection-only,0,0,0,0,0
bridge,5,21,fresh-read,0,0,0,0,0
bridge,5,21,guarded,0,0,0,0,0
bridge,5,22,central-latest,0,1,1,0,0
bridge,5,22,local-only,0,1,1,0,0
bridge,5,22,last-observation,0,0,0,0,0
bridge,5,22,generation-cache,0,0,0,0,0
bridge,5,22,intersection-only,0,0,0,0,0
bridge,5,22,fresh-read,0,0,0,0,0
bridge,5,22,guarded,0,0,0,0,0
bridge,5,23,central-latest,0,1,1,0,0
bridge,5,23,local-only,0,1,1,0,0
bridge,5,23,last-observation,0,0,0,0,0
bridge,5,23,generation-cache,0,0,0,0,0
bridge,5,23,intersection-only,0,0,0,0,0
bridge,5,23,fresh-read,0,0,0,0,0
bridge,5,23,guarded,0,0,0,0,0
